timestamp,poza_id,days_evaporation,temperature_c,humidity_percent,ph,conductivity_ms_cm,density_g_cm3,mg_li_ratio,ca_li_ratio,li_concentration_mg_l,quality_status
2025-01-01 00:00:00,POZA_2,86.2,16.79,14.68,7.09,100.75,1.177,11.5,0.55,3302.9,Aceptable
2025-01-01 06:00:00,POZA_1,138.3,10.11,22.0,7.07,108.59,1.22,7.59,2.96,4355.52,Bueno
2025-01-01 12:00:00,POZA_4,37.0,22.09,11.95,8.42,90.09,1.119,11.21,1.6,1957.95,Bajo
2025-01-01 18:00:00,POZA_2,104.3,17.84,19.35,7.78,97.07,1.16,14.64,2.44,3415.59,Aceptable
2025-01-02 00:00:00,POZA_5,89.3,19.84,19.8,7.86,101.46,1.186,13.13,2.37,3131.46,Aceptable
2025-01-02 06:00:00,POZA_3,118.0,12.59,18.28,7.44,108.32,1.161,6.52,0.54,3921.84,Bueno
2025-01-02 12:00:00,POZA_5,136.0,12.81,12.22,7.54,114.0,1.183,3.76,1.28,4837.05,Óptimo
2025-01-02 18:00:00,POZA_3,139.4,12.52,24.17,7.18,112.47,1.236,9.74,2.43,4557.67,Bueno
2025-01-03 00:00:00,POZA_5,108.4,13.17,13.24,7.05,103.79,1.162,9.1,2.77,3911.37,Bueno
2025-01-03 06:00:00,POZA_4,111.0,18.64,36.41,7.94,108.78,1.18,8.48,1.05,3752.62,Bueno
2025-01-03 12:00:00,POZA_1,163.9,16.26,36.88,7.48,117.3,1.231,8.13,2.55,5040.1,Bueno
2025-01-03 18:00:00,POZA_1,75.7,23.01,24.54,8.04,90.58,1.145,5.02,1.05,3025.92,Bueno
2025-01-04 00:00:00,POZA_2,90.6,18.93,17.41,8.04,99.99,1.16,14.97,1.17,3164.03,Aceptable
2025-01-04 06:00:00,POZA_5,105.4,14.52,14.35,7.73,104.93,1.211,5.85,2.32,3975.98,Bueno
2025-01-04 12:00:00,POZA_3,124.8,12.94,12.71,8.25,118.7,1.184,3.49,1.98,4305.46,Bueno
2025-01-04 18:00:00,POZA_3,63.0,27.56,20.46,7.14,97.04,1.15,9.21,2.59,2850.85,Aceptable
2025-01-05 00:00:00,POZA_4,81.2,20.31,29.8,8.23,100.82,1.195,5.9,0.73,3613.58,Bueno
2025-01-05 06:00:00,POZA_4,113.7,12.72,18.37,8.05,106.18,1.197,7.85,2.72,3927.56,Bueno
2025-01-05 12:00:00,POZA_1,42.6,26.79,10.15,7.24,85.9,1.173,10.82,1.06,2308.75,Aceptable
2025-01-05 18:00:00,POZA_5,32.7,21.1,20.99,8.12,87.14,1.108,9.51,1.77,2044.88,Aceptable
2025-01-06 00:00:00,POZA_4,103.0,15.27,20.5,7.97,107.25,1.203,5.76,1.75,3848.83,Bueno
2025-01-06 06:00:00,POZA_1,33.6,21.99,38.21,8.43,89.89,1.124,3.19,2.82,2037.52,Aceptable
2025-01-06 12:00:00,POZA_2,112.9,14.35,12.26,7.46,105.35,1.182,8.82,1.43,3827.82,Bueno
2025-01-06 18:00:00,POZA_3,170.4,15.36,12.92,7.92,126.69,1.25,11.89,2.24,5293.64,Aceptable
2025-01-07 00:00:00,POZA_4,136.3,5.0,22.59,7.38,112.64,1.199,3.06,2.07,4487.79,Bueno
2025-01-07 06:00:00,POZA_1,127.5,13.7,36.7,7.51,111.59,1.191,9.94,0.59,4036.58,Bueno
2025-01-07 12:00:00,POZA_4,53.3,24.6,11.17,7.45,94.81,1.105,12.93,1.18,2447.63,Aceptable
2025-01-07 18:00:00,POZA_3,123.4,18.56,29.12,8.09,116.65,1.203,6.88,2.49,4309.02,Bueno
2025-01-08 00:00:00,POZA_5,95.8,15.26,15.2,7.23,109.61,1.186,11.58,2.15,3127.14,Aceptable
2025-01-08 06:00:00,POZA_5,125.7,17.47,23.07,8.1,109.08,1.207,4.9,0.8,4294.23,Bueno
2025-01-08 12:00:00,POZA_2,47.4,27.33,24.23,7.15,94.41,1.1,5.08,1.58,2363.47,Aceptable
2025-01-08 18:00:00,POZA_2,122.4,10.23,21.24,7.94,107.85,1.225,10.9,0.91,3957.85,Aceptable
2025-01-09 00:00:00,POZA_3,34.0,27.19,27.26,7.58,88.18,1.116,9.55,2.85,2237.35,Aceptable
2025-01-09 06:00:00,POZA_2,153.1,7.17,18.22,7.32,116.97,1.219,10.42,1.34,4736.57,Aceptable
2025-01-09 12:00:00,POZA_1,77.8,20.39,13.54,8.05,101.55,1.183,11.82,2.51,3008.1,Aceptable
2025-01-09 18:00:00,POZA_5,112.2,18.53,27.28,8.1,95.56,1.186,9.97,2.67,3670.77,Bueno
2025-01-10 00:00:00,POZA_3,65.8,27.93,17.15,7.57,98.91,1.148,7.68,1.24,3462.63,Bueno
2025-01-10 06:00:00,POZA_1,88.4,18.74,38.5,8.43,96.57,1.212,8.38,1.23,3348.06,Bueno
2025-01-10 12:00:00,POZA_1,113.1,12.28,37.93,8.46,106.37,1.201,11.47,2.92,3796.4,Aceptable
2025-01-10 18:00:00,POZA_5,144.2,7.57,12.52,8.05,113.27,1.211,4.02,2.97,4784.64,Óptimo
2025-01-11 00:00:00,POZA_5,85.6,18.12,33.31,7.84,97.95,1.188,4.33,1.73,3243.12,Bueno
2025-01-11 06:00:00,POZA_4,90.8,23.69,33.02,8.23,102.53,1.192,5.85,1.5,3673.36,Bueno
2025-01-11 12:00:00,POZA_3,72.9,22.2,38.9,7.02,98.48,1.162,14.92,0.68,2675.48,Aceptable
2025-01-11 18:00:00,POZA_4,134.3,8.12,39.87,8.05,105.01,1.241,13.98,2.9,3764.24,Aceptable
2025-01-12 00:00:00,POZA_3,46.0,23.03,29.41,7.58,87.77,1.123,7.32,1.15,2161.42,Aceptable
2025-01-12 06:00:00,POZA_2,134.7,5.0,34.41,8.03,111.75,1.227,8.02,2.83,4418.65,Bueno
2025-01-12 12:00:00,POZA_1,112.7,12.45,33.33,7.72,99.2,1.182,12.95,1.92,3726.38,Aceptable
2025-01-12 18:00:00,POZA_2,100.3,11.61,11.69,8.3,99.29,1.184,12.23,2.86,3375.94,Aceptable
2025-01-13 00:00:00,POZA_2,86.7,17.78,17.54,7.41,96.02,1.179,12.08,0.62,3073.43,Aceptable
2025-01-13 06:00:00,POZA_5,104.7,19.09,19.23,8.22,102.81,1.196,8.76,1.55,3955.78,Bueno
2025-01-13 12:00:00,POZA_2,123.0,8.55,14.09,7.02,110.77,1.224,7.71,1.59,3907.06,Bueno
2025-01-13 18:00:00,POZA_5,82.2,25.62,21.9,7.93,98.65,1.134,8.51,2.95,3218.78,Bueno
2025-01-14 00:00:00,POZA_4,82.1,22.28,20.25,7.81,91.39,1.215,7.8,2.24,3056.34,Bueno
2025-01-14 06:00:00,POZA_4,57.3,27.79,24.22,8.0,91.28,1.139,3.49,0.92,2692.59,Aceptable
2025-01-14 12:00:00,POZA_3,82.1,21.29,26.03,7.53,95.81,1.144,4.11,1.7,3107.01,Bueno
2025-01-14 18:00:00,POZA_2,168.1,12.64,34.19,8.12,116.26,1.229,7.45,1.71,5138.16,Bueno
2025-01-15 00:00:00,POZA_4,144.0,15.37,11.87,7.22,113.26,1.228,13.13,2.37,4409.68,Aceptable
2025-01-15 06:00:00,POZA_2,46.1,30.0,17.27,7.4,77.96,1.135,6.86,1.03,2482.15,Aceptable
2025-01-15 12:00:00,POZA_1,110.3,11.81,24.22,7.53,98.54,1.186,10.01,2.34,3971.73,Aceptable
2025-01-15 18:00:00,POZA_5,114.7,8.4,36.99,7.91,99.8,1.195,6.96,2.83,3497.22,Bueno
2025-01-16 00:00:00,POZA_3,45.3,24.61,14.82,7.28,86.93,1.121,13.76,0.7,2008.23,Aceptable
2025-01-16 06:00:00,POZA_2,32.7,25.62,37.52,7.01,91.81,1.127,11.67,2.55,1765.38,Bajo
2025-01-16 12:00:00,POZA_1,113.5,8.2,33.08,7.28,107.94,1.179,9.09,1.11,3429.71,Bueno
2025-01-16 18:00:00,POZA_2,121.6,13.59,14.63,7.72,98.71,1.188,7.04,0.84,4212.95,Bueno
2025-01-17 00:00:00,POZA_1,178.5,18.4,17.64,8.02,116.78,1.25,8.66,1.53,5865.0,Bueno
2025-01-17 06:00:00,POZA_4,157.6,9.46,37.99,8.49,122.55,1.221,14.12,2.3,4364.67,Aceptable
2025-01-17 12:00:00,POZA_4,156.3,11.98,16.05,7.25,112.67,1.238,10.98,1.81,4809.67,Aceptable
2025-01-17 18:00:00,POZA_1,77.4,27.38,23.56,8.07,101.33,1.17,9.48,1.6,3241.07,Bueno
2025-01-18 00:00:00,POZA_2,64.8,23.93,26.31,8.36,98.52,1.136,14.28,2.07,2511.91,Aceptable
2025-01-18 06:00:00,POZA_1,50.9,27.47,26.0,8.34,97.55,1.133,6.74,1.12,2627.39,Aceptable
2025-01-18 12:00:00,POZA_4,35.0,29.89,36.3,7.51,89.79,1.155,4.8,1.07,2071.33,Aceptable
2025-01-18 18:00:00,POZA_2,145.8,10.17,26.97,8.07,111.72,1.245,14.51,1.36,4379.8,Aceptable
2025-01-19 00:00:00,POZA_2,172.1,14.68,25.18,7.92,112.62,1.246,11.36,2.81,5295.64,Aceptable
2025-01-19 06:00:00,POZA_1,145.7,8.19,12.32,7.16,111.46,1.215,4.99,0.97,4765.34,Óptimo
2025-01-19 12:00:00,POZA_3,79.8,18.54,28.24,7.57,94.09,1.151,12.45,2.01,2926.14,Aceptable
2025-01-19 18:00:00,POZA_3,89.7,21.67,20.39,7.52,100.31,1.168,5.7,1.63,3787.41,Bueno
2025-01-20 00:00:00,POZA_1,67.2,20.69,11.02,7.47,96.33,1.142,5.64,1.03,3162.87,Bueno
2025-01-20 06:00:00,POZA_3,56.7,23.2,39.91,7.75,91.78,1.134,12.0,1.02,2279.11,Aceptable
2025-01-20 12:00:00,POZA_4,82.4,27.85,21.33,8.25,95.44,1.136,11.57,1.82,3245.7,Aceptable
2025-01-20 18:00:00,POZA_2,102.2,20.69,13.09,7.5,102.61,1.187,6.27,2.74,3824.26,Bueno
2025-01-21 00:00:00,POZA_5,91.3,21.59,10.81,7.33,106.65,1.191,3.24,0.76,3505.68,Bueno
2025-01-21 06:00:00,POZA_5,56.8,21.92,12.98,7.36,96.18,1.162,12.96,1.49,2486.57,Aceptable
2025-01-21 12:00:00,POZA_5,51.2,20.85,12.61,7.95,86.87,1.156,4.47,2.69,2620.8,Aceptable
2025-01-21 18:00:00,POZA_2,93.2,14.55,21.39,7.89,96.63,1.193,7.91,1.88,3183.38,Bueno
2025-01-22 00:00:00,POZA_1,159.2,10.3,26.97,8.48,116.66,1.206,8.82,1.78,4935.18,Bueno
2025-01-22 06:00:00,POZA_3,111.2,9.66,14.18,8.25,108.44,1.193,5.06,1.18,4025.05,Bueno
2025-01-22 12:00:00,POZA_5,153.4,14.67,24.94,7.1,114.72,1.226,11.64,0.77,4365.56,Aceptable
2025-01-22 18:00:00,POZA_2,69.6,26.6,17.52,7.95,90.87,1.213,13.06,1.51,2719.72,Aceptable
2025-01-23 00:00:00,POZA_3,93.3,19.37,15.53,7.14,100.14,1.173,13.99,2.3,3392.02,Aceptable
2025-01-23 06:00:00,POZA_1,172.4,15.47,14.05,7.73,117.72,1.25,4.94,2.6,5326.65,Óptimo
2025-01-23 12:00:00,POZA_2,104.5,10.26,33.13,7.16,108.15,1.191,8.95,2.22,3440.57,Bueno
2025-01-23 18:00:00,POZA_3,99.0,19.71,38.86,8.19,99.02,1.187,4.04,2.9,3840.59,Bueno
2025-01-24 00:00:00,POZA_5,139.8,11.69,30.77,8.27,116.48,1.215,5.65,2.97,4316.26,Bueno
2025-01-24 06:00:00,POZA_3,130.5,10.83,39.98,7.83,106.33,1.17,4.45,2.33,4192.04,Bueno
2025-01-24 12:00:00,POZA_5,168.7,16.47,35.34,7.48,117.08,1.212,4.45,0.69,5442.3,Óptimo
2025-01-24 18:00:00,POZA_5,109.5,7.86,27.17,8.21,97.92,1.232,11.85,1.8,3538.77,Aceptable
2025-01-25 00:00:00,POZA_4,122.4,11.8,38.17,8.2,112.52,1.192,8.76,2.07,4160.05,Bueno
2025-01-25 06:00:00,POZA_4,177.6,13.82,22.64,8.11,126.74,1.24,7.26,1.22,5576.72,Bueno
2025-01-25 12:00:00,POZA_5,137.3,5.3,37.31,7.07,113.7,1.21,4.49,2.89,4216.22,Bueno
2025-01-25 18:00:00,POZA_3,148.0,9.69,36.37,8.42,108.75,1.25,5.0,2.98,4570.55,Óptimo
2025-01-26 00:00:00,POZA_5,90.2,17.64,34.92,7.18,103.04,1.173,3.44,2.89,3268.28,Bueno
2025-01-26 06:00:00,POZA_1,38.7,24.56,32.75,8.04,82.73,1.139,5.69,1.06,2100.1,Aceptable
2025-01-26 12:00:00,POZA_4,118.9,9.61,36.32,7.4,107.25,1.21,9.61,0.72,3965.93,Bueno
2025-01-26 18:00:00,POZA_5,85.9,22.85,24.88,7.12,94.34,1.185,3.91,2.63,3216.35,Bueno
2025-01-27 00:00:00,POZA_4,102.1,19.55,20.43,8.02,104.4,1.152,13.54,2.49,3492.58,Aceptable
2025-01-27 06:00:00,POZA_3,157.6,12.36,35.11,8.05,118.59,1.25,12.03,0.9,4963.06,Aceptable
2025-01-27 12:00:00,POZA_5,174.2,17.45,10.15,8.23,118.24,1.25,3.01,1.89,5690.58,Óptimo
2025-01-27 18:00:00,POZA_2,106.1,15.49,28.95,7.39,103.81,1.201,12.36,0.77,3806.73,Aceptable
2025-01-28 00:00:00,POZA_1,94.8,16.79,15.38,8.13,106.61,1.168,12.25,2.87,3374.71,Aceptable
2025-01-28 06:00:00,POZA_4,145.6,9.38,11.74,7.11,121.6,1.21,10.77,1.99,4921.27,Aceptable
2025-01-28 12:00:00,POZA_5,33.7,29.91,30.5,7.67,87.16,1.1,4.96,2.49,1783.86,Bajo
2025-01-28 18:00:00,POZA_2,74.8,24.23,16.9,7.2,99.5,1.125,6.85,2.31,3078.88,Bueno
2025-01-29 00:00:00,POZA_5,62.0,25.26,21.06,8.3,92.62,1.162,5.23,2.67,2833.03,Aceptable
2025-01-29 06:00:00,POZA_1,53.0,30.0,10.54,8.2,79.38,1.154,14.61,0.96,2296.05,Aceptable
2025-01-29 12:00:00,POZA_2,30.2,29.67,17.43,7.84,94.21,1.114,10.82,1.31,1867.37,Bajo
2025-01-29 18:00:00,POZA_5,149.6,8.96,10.35,7.11,103.8,1.216,10.2,1.23,4365.32,Aceptable
2025-01-30 00:00:00,POZA_1,143.6,12.84,14.38,7.15,116.13,1.213,8.79,1.03,4717.69,Bueno
2025-01-30 06:00:00,POZA_2,113.9,10.49,20.52,7.05,105.51,1.191,4.59,1.92,3871.02,Bueno
2025-01-30 12:00:00,POZA_4,150.1,8.85,13.14,7.95,111.13,1.25,13.45,2.29,4605.86,Aceptable
2025-01-30 18:00:00,POZA_4,80.9,21.78,34.52,7.68,102.73,1.175,11.78,0.7,3255.14,Aceptable
2025-01-31 00:00:00,POZA_1,67.1,21.2,33.69,7.99,92.26,1.215,11.63,1.07,2540.89,Aceptable
2025-01-31 06:00:00,POZA_2,104.0,14.92,16.62,7.63,99.31,1.196,5.09,2.9,3718.55,Bueno
2025-01-31 12:00:00,POZA_2,141.4,5.0,21.13,8.48,106.92,1.187,11.7,1.72,4605.45,Aceptable
2025-01-31 18:00:00,POZA_1,119.7,13.8,39.76,7.43,112.26,1.174,8.59,2.59,3657.7,Bueno
2025-02-01 00:00:00,POZA_1,49.7,27.45,15.39,7.36,92.36,1.141,5.97,2.68,2784.7,Aceptable
2025-02-01 06:00:00,POZA_3,129.4,11.43,19.36,7.6,105.19,1.242,7.76,1.09,4544.63,Bueno
2025-02-01 12:00:00,POZA_1,162.6,6.16,23.46,8.0,112.83,1.232,10.05,2.87,4726.41,Aceptable
2025-02-01 18:00:00,POZA_5,55.1,28.26,24.24,8.27,98.35,1.153,13.42,1.01,2560.33,Aceptable
2025-02-02 00:00:00,POZA_2,35.1,21.66,15.4,7.13,90.95,1.133,11.26,1.49,1790.6,Bajo
2025-02-02 06:00:00,POZA_5,174.8,17.21,23.64,7.77,120.57,1.25,4.68,0.57,5614.05,Óptimo
2025-02-02 12:00:00,POZA_2,51.5,26.11,14.87,7.28,92.05,1.129,5.81,2.91,2702.39,Aceptable
2025-02-02 18:00:00,POZA_1,129.2,10.49,10.53,7.37,109.7,1.211,12.22,0.78,4182.28,Aceptable
2025-02-03 00:00:00,POZA_1,133.4,7.05,29.77,7.59,112.99,1.196,10.89,3.0,4132.13,Aceptable
2025-02-03 06:00:00,POZA_5,160.0,10.7,13.27,7.98,113.01,1.25,13.53,1.29,4829.96,Aceptable
2025-02-03 12:00:00,POZA_1,152.7,10.92,10.17,7.49,108.78,1.202,11.35,1.47,4546.85,Aceptable
2025-02-03 18:00:00,POZA_5,119.5,5.58,10.44,7.88,115.39,1.209,12.11,1.75,3697.75,Aceptable
2025-02-04 00:00:00,POZA_3,159.5,5.0,10.77,7.51,126.9,1.205,9.96,1.83,4737.11,Bueno
2025-02-04 06:00:00,POZA_4,144.7,11.83,38.67,7.03,116.43,1.236,5.92,2.82,4673.44,Óptimo
2025-02-04 12:00:00,POZA_2,170.2,11.15,24.58,7.39,116.41,1.222,12.64,1.85,4901.2,Aceptable
2025-02-04 18:00:00,POZA_1,121.6,8.71,22.41,7.18,111.71,1.212,5.18,1.81,4005.73,Bueno
2025-02-05 00:00:00,POZA_4,115.1,17.07,26.51,7.07,105.2,1.205,10.22,2.55,3850.49,Aceptable
2025-02-05 06:00:00,POZA_2,64.2,26.24,22.33,8.26,87.79,1.148,5.84,2.45,3002.72,Bueno
2025-02-05 12:00:00,POZA_4,139.8,11.32,34.29,8.15,115.53,1.212,4.84,1.09,4402.78,Bueno
2025-02-05 18:00:00,POZA_5,159.4,10.85,10.71,7.96,114.78,1.25,5.78,1.48,5573.46,Óptimo
2025-02-06 00:00:00,POZA_4,38.8,24.39,27.91,8.01,85.16,1.1,11.69,0.54,1621.37,Bajo
2025-02-06 06:00:00,POZA_1,152.8,5.63,37.17,8.16,119.19,1.244,10.15,1.5,4395.75,Aceptable
2025-02-06 12:00:00,POZA_2,64.0,23.01,25.57,7.1,93.23,1.141,9.48,2.7,2750.4,Aceptable
2025-02-06 18:00:00,POZA_4,132.0,9.65,15.71,7.08,101.65,1.18,14.95,1.62,3809.24,Aceptable
2025-02-07 00:00:00,POZA_4,39.0,27.38,15.26,8.04,89.05,1.136,4.16,1.63,2150.55,Aceptable
2025-02-07 06:00:00,POZA_4,82.1,24.42,37.82,7.35,101.3,1.147,14.91,2.82,2723.54,Aceptable
2025-02-07 12:00:00,POZA_5,66.5,22.43,17.71,8.18,96.16,1.161,9.08,0.9,2978.2,Aceptable
2025-02-07 18:00:00,POZA_2,35.4,22.19,20.8,7.13,83.42,1.131,6.67,1.49,2210.15,Aceptable
2025-02-08 00:00:00,POZA_2,120.1,14.44,24.91,8.49,106.84,1.192,14.17,0.79,3836.31,Aceptable
2025-02-08 06:00:00,POZA_3,124.2,12.4,31.64,7.21,117.61,1.215,6.87,0.56,4103.55,Bueno
2025-02-08 12:00:00,POZA_5,134.2,10.31,29.23,8.23,109.79,1.211,10.28,2.41,4322.78,Aceptable
2025-02-08 18:00:00,POZA_4,77.6,19.81,24.35,7.76,99.01,1.163,12.32,0.81,2848.79,Aceptable
2025-02-09 00:00:00,POZA_3,76.8,13.74,13.17,7.96,98.53,1.175,10.8,0.88,2718.08,Aceptable
2025-02-09 06:00:00,POZA_5,114.7,11.28,24.54,8.13,102.47,1.166,8.16,0.93,4006.05,Bueno
2025-02-09 12:00:00,POZA_4,48.2,24.15,30.76,7.09,89.2,1.143,12.77,2.04,2069.93,Aceptable
2025-02-09 18:00:00,POZA_5,56.1,28.5,31.73,8.19,94.59,1.181,7.25,1.81,2463.12,Aceptable
2025-02-10 00:00:00,POZA_2,88.1,18.94,33.71,7.87,94.34,1.154,10.43,1.31,3199.51,Aceptable
2025-02-10 06:00:00,POZA_4,66.2,24.39,13.29,7.82,97.6,1.179,4.18,1.72,3011.49,Bueno
2025-02-10 12:00:00,POZA_1,159.7,13.64,34.32,7.92,109.3,1.227,14.47,0.83,4815.65,Aceptable
2025-02-10 18:00:00,POZA_1,128.8,10.1,37.91,7.38,106.72,1.219,8.95,1.47,4152.5,Bueno
2025-02-11 00:00:00,POZA_3,122.1,11.69,14.51,8.11,103.36,1.242,3.5,0.71,4277.17,Bueno
2025-02-11 06:00:00,POZA_3,128.9,10.32,11.07,7.76,109.11,1.192,14.9,2.93,3621.38,Aceptable
2025-02-11 12:00:00,POZA_4,129.2,9.29,12.95,7.99,106.53,1.192,3.25,0.71,4552.48,Óptimo
2025-02-11 18:00:00,POZA_2,164.8,10.27,39.28,8.0,120.18,1.233,14.52,1.7,4706.91,Aceptable
2025-02-12 00:00:00,POZA_2,78.3,21.83,13.42,7.73,92.07,1.166,10.4,0.89,3194.13,Aceptable
2025-02-12 06:00:00,POZA_3,80.7,18.35,23.18,7.92,88.11,1.163,13.64,2.11,2765.47,Aceptable
2025-02-12 12:00:00,POZA_4,130.7,12.74,17.75,7.82,107.25,1.184,14.74,2.37,4101.42,Aceptable
2025-02-12 18:00:00,POZA_2,38.1,29.01,18.08,7.81,84.46,1.121,11.22,0.73,2116.86,Aceptable
2025-02-13 00:00:00,POZA_5,62.0,28.75,31.98,7.81,93.89,1.157,6.57,1.91,3192.03,Bueno
2025-02-13 06:00:00,POZA_4,44.1,28.96,23.01,7.24,90.82,1.163,11.9,2.7,2165.31,Aceptable
2025-02-13 12:00:00,POZA_5,44.9,29.84,16.12,7.83,87.86,1.152,5.26,1.39,2756.12,Aceptable
2025-02-13 18:00:00,POZA_3,110.8,17.4,35.2,8.25,105.04,1.208,12.08,2.6,3731.0,Aceptable
2025-02-14 00:00:00,POZA_5,179.5,13.17,31.66,8.33,109.41,1.216,7.95,2.24,5692.6,Bueno
2025-02-14 06:00:00,POZA_2,34.4,24.1,21.63,7.6,85.58,1.129,11.68,0.76,2016.53,Aceptable
2025-02-14 12:00:00,POZA_5,114.2,19.24,30.29,8.21,111.42,1.211,8.98,0.69,3839.5,Bueno
2025-02-14 18:00:00,POZA_4,141.9,10.25,21.2,7.18,118.06,1.201,7.46,0.66,4764.99,Bueno
2025-02-15 00:00:00,POZA_1,140.3,6.93,29.09,8.18,120.46,1.212,13.08,1.46,4078.62,Aceptable
2025-02-15 06:00:00,POZA_3,172.5,14.86,39.39,7.25,111.46,1.25,10.04,2.24,5417.9,Aceptable
2025-02-15 12:00:00,POZA_4,74.8,25.93,35.26,7.28,95.65,1.158,8.8,0.83,3167.81,Bueno
2025-02-15 18:00:00,POZA_2,37.5,24.77,37.68,7.71,83.33,1.112,12.45,2.94,1583.55,Bajo
2025-02-16 00:00:00,POZA_3,156.7,8.87,35.59,7.07,112.4,1.25,7.15,1.29,5185.94,Bueno
2025-02-16 06:00:00,POZA_2,82.1,21.89,26.81,8.41,98.68,1.166,6.12,2.33,3176.02,Bueno
2025-02-16 12:00:00,POZA_1,176.9,16.33,15.74,7.51,115.8,1.25,14.61,0.96,5274.67,Aceptable
2025-02-16 18:00:00,POZA_1,52.7,23.66,35.52,7.84,87.66,1.124,13.32,2.31,2104.84,Aceptable
2025-02-17 00:00:00,POZA_2,148.8,16.76,16.78,8.27,117.76,1.202,10.97,1.04,4743.14,Aceptable
2025-02-17 06:00:00,POZA_1,99.3,21.96,26.36,7.09,96.9,1.211,8.51,0.63,3610.78,Bueno
2025-02-17 12:00:00,POZA_4,60.2,23.12,19.91,8.14,90.83,1.121,13.53,2.7,2401.79,Aceptable
2025-02-17 18:00:00,POZA_2,68.3,24.34,32.52,7.84,98.38,1.139,7.12,1.21,2904.23,Aceptable
2025-02-18 00:00:00,POZA_4,104.7,16.17,34.66,7.57,99.5,1.189,6.45,2.48,3448.09,Bueno
2025-02-18 06:00:00,POZA_3,71.5,26.66,15.88,8.35,88.98,1.104,9.69,0.92,3136.26,Bueno
2025-02-18 12:00:00,POZA_3,84.5,28.19,11.0,7.55,99.68,1.186,6.76,2.5,3597.94,Bueno
2025-02-18 18:00:00,POZA_3,162.4,11.95,39.01,7.63,123.14,1.214,13.58,1.57,4813.69,Aceptable
2025-02-19 00:00:00,POZA_4,133.0,8.8,21.37,8.46,112.36,1.186,14.02,0.78,3906.55,Aceptable
2025-02-19 06:00:00,POZA_5,77.2,26.27,23.78,7.54,96.55,1.19,7.02,0.93,3202.71,Bueno
2025-02-19 12:00:00,POZA_1,46.9,26.73,22.6,8.36,88.14,1.123,10.37,1.59,2363.44,Aceptable
2025-02-19 18:00:00,POZA_1,156.2,12.17,29.02,7.19,114.59,1.207,11.24,0.67,4950.93,Aceptable
2025-02-20 00:00:00,POZA_4,128.3,10.08,35.99,7.32,105.54,1.195,12.16,1.52,3884.76,Aceptable
2025-02-20 06:00:00,POZA_3,170.7,14.59,33.65,8.0,120.39,1.25,11.05,1.9,5113.77,Aceptable
2025-02-20 12:00:00,POZA_2,88.5,15.59,21.45,7.19,96.76,1.2,8.75,0.55,3205.14,Bueno
2025-02-20 18:00:00,POZA_1,174.9,15.67,39.18,8.24,115.39,1.25,14.78,2.05,5094.79,Aceptable
2025-02-21 00:00:00,POZA_1,75.7,21.03,36.18,7.17,100.87,1.17,4.16,1.1,3332.07,Bueno
2025-02-21 06:00:00,POZA_5,100.3,18.79,18.92,7.45,94.21,1.203,13.71,0.96,3627.28,Aceptable
2025-02-21 12:00:00,POZA_4,155.7,9.22,18.03,8.18,106.14,1.25,6.03,1.05,5168.11,Bueno
2025-02-21 18:00:00,POZA_1,47.2,28.93,36.37,7.86,93.0,1.1,6.8,1.59,2496.86,Aceptable
2025-02-22 00:00:00,POZA_4,81.1,20.34,38.44,7.67,96.25,1.179,11.12,0.83,3073.5,Aceptable
2025-02-22 06:00:00,POZA_1,87.7,26.25,38.52,7.9,98.6,1.174,10.61,0.68,3432.17,Aceptable
2025-02-22 12:00:00,POZA_3,30.4,25.11,37.22,7.36,84.42,1.1,8.68,2.06,1547.66,Bajo
2025-02-22 18:00:00,POZA_2,97.1,24.69,26.11,8.28,98.07,1.171,8.55,1.6,3704.37,Bueno
2025-02-23 00:00:00,POZA_5,74.0,22.51,12.61,7.93,99.81,1.155,9.09,2.69,2912.38,Aceptable
2025-02-23 06:00:00,POZA_5,131.3,10.25,37.88,7.25,106.23,1.239,13.59,2.18,3781.17,Aceptable
2025-02-23 12:00:00,POZA_1,121.2,14.51,38.65,8.23,104.22,1.204,11.24,0.79,3731.53,Aceptable
2025-02-23 18:00:00,POZA_2,98.4,14.22,22.57,8.13,100.34,1.192,11.02,2.2,3332.41,Aceptable
2025-02-24 00:00:00,POZA_5,163.2,12.19,14.17,7.17,129.0,1.23,10.65,2.35,5065.83,Aceptable
2025-02-24 06:00:00,POZA_5,40.0,22.34,10.35,7.63,89.42,1.131,9.93,0.61,1876.16,Bajo
2025-02-24 12:00:00,POZA_1,151.2,9.9,34.5,7.1,106.18,1.247,7.85,0.69,4663.48,Bueno
2025-02-24 18:00:00,POZA_1,75.9,21.79,33.95,8.23,104.04,1.127,9.99,1.43,2797.69,Aceptable
2025-02-25 00:00:00,POZA_3,34.1,26.99,25.35,7.25,75.62,1.12,12.14,2.87,1788.01,Bajo
2025-02-25 06:00:00,POZA_2,33.8,29.16,20.22,7.11,94.49,1.1,11.13,2.01,1846.93,Bajo
2025-02-25 12:00:00,POZA_3,156.3,15.51,13.16,7.25,124.9,1.231,4.63,0.75,5306.27,Óptimo
2025-02-25 18:00:00,POZA_1,88.2,18.83,18.68,8.35,107.59,1.187,10.24,2.57,3201.86,Aceptable
2025-02-26 00:00:00,POZA_3,43.2,22.71,10.93,8.46,91.26,1.189,5.02,1.12,2171.86,Aceptable
2025-02-26 06:00:00,POZA_1,83.4,22.45,15.32,7.76,102.78,1.147,12.97,1.86,3195.96,Aceptable
2025-02-26 12:00:00,POZA_5,117.1,11.97,28.79,7.73,100.47,1.203,9.83,2.05,3939.16,Bueno
2025-02-26 18:00:00,POZA_4,139.6,10.27,31.33,8.36,110.6,1.222,10.19,1.38,4198.38,Aceptable
2025-02-27 00:00:00,POZA_2,35.7,26.41,11.73,8.02,96.08,1.119,14.64,2.87,1839.36,Bajo
2025-02-27 06:00:00,POZA_3,177.1,18.42,27.66,7.56,119.11,1.23,12.14,1.47,5270.95,Aceptable
2025-02-27 12:00:00,POZA_3,167.8,17.0,36.83,7.68,113.13,1.25,10.1,2.52,4919.35,Aceptable
2025-02-27 18:00:00,POZA_2,60.1,28.76,36.79,7.09,92.33,1.147,9.13,2.07,2728.16,Aceptable
2025-02-28 00:00:00,POZA_1,101.5,19.45,30.78,7.2,107.3,1.165,12.65,1.2,3201.0,Aceptable
2025-02-28 06:00:00,POZA_1,149.0,13.89,12.07,7.01,105.92,1.228,11.4,0.76,4741.46,Aceptable
2025-02-28 12:00:00,POZA_5,138.5,12.92,10.73,7.46,105.13,1.25,9.92,2.24,4619.31,Bueno
2025-02-28 18:00:00,POZA_5,173.3,8.43,12.31,7.75,119.57,1.25,3.6,0.68,5694.04,Óptimo
2025-03-01 00:00:00,POZA_1,130.0,11.84,22.04,7.44,107.2,1.199,3.26,1.96,4290.25,Bueno
2025-03-01 06:00:00,POZA_4,112.3,12.24,32.79,7.28,98.05,1.207,8.45,2.55,3766.09,Bueno
2025-03-01 12:00:00,POZA_2,125.6,5.0,17.04,7.45,116.91,1.215,4.44,2.79,3964.01,Bueno
2025-03-01 18:00:00,POZA_2,90.2,20.74,18.15,7.6,104.11,1.189,10.12,2.74,3464.95,Aceptable
2025-03-02 00:00:00,POZA_4,100.0,17.9,12.48,8.4,101.36,1.18,9.78,2.67,3607.37,Bueno
2025-03-02 06:00:00,POZA_2,148.3,9.74,37.3,7.57,117.69,1.222,7.65,2.08,4941.43,Bueno
2025-03-02 12:00:00,POZA_4,50.9,27.59,15.48,7.42,89.5,1.15,14.33,1.17,2128.16,Aceptable
2025-03-02 18:00:00,POZA_3,147.3,8.84,20.8,8.44,113.43,1.166,8.49,1.02,4701.22,Bueno
2025-03-03 00:00:00,POZA_5,85.5,24.01,35.51,7.32,97.39,1.164,13.56,1.04,3277.56,Aceptable
2025-03-03 06:00:00,POZA_5,143.1,9.72,37.92,7.19,109.63,1.222,8.62,1.95,4388.54,Bueno
2025-03-03 12:00:00,POZA_2,73.1,21.55,13.35,7.77,95.43,1.176,3.18,1.45,3088.58,Bueno
2025-03-03 18:00:00,POZA_4,32.9,24.43,24.79,7.61,82.34,1.176,3.12,1.66,2185.57,Aceptable
2025-03-04 00:00:00,POZA_2,36.2,29.72,23.65,7.4,85.3,1.121,13.29,1.94,1825.83,Bajo
2025-03-04 06:00:00,POZA_4,145.5,9.36,17.97,7.03,113.3,1.241,9.22,1.37,4537.59,Bueno
2025-03-04 12:00:00,POZA_4,30.2,27.73,39.23,8.27,79.95,1.139,8.5,1.5,1908.78,Bajo
2025-03-04 18:00:00,POZA_5,164.9,13.28,28.1,7.71,117.4,1.241,9.99,2.98,4974.51,Bueno
2025-03-05 00:00:00,POZA_1,109.6,17.96,26.84,8.17,111.1,1.205,10.44,2.74,3574.22,Aceptable
2025-03-05 06:00:00,POZA_4,147.2,6.82,34.33,7.95,113.94,1.25,6.12,1.36,4526.15,Bueno
2025-03-05 12:00:00,POZA_1,80.6,22.42,11.82,8.03,106.64,1.176,8.97,1.08,3293.04,Bueno
2025-03-05 18:00:00,POZA_2,173.7,9.39,25.02,8.02,119.52,1.241,12.68,1.65,5084.21,Aceptable
2025-03-06 00:00:00,POZA_2,57.0,30.0,35.92,7.72,84.89,1.154,4.64,2.99,2737.05,Aceptable
2025-03-06 06:00:00,POZA_4,158.1,11.35,17.79,7.66,116.79,1.217,10.47,2.95,4921.59,Aceptable
2025-03-06 12:00:00,POZA_1,154.4,8.28,30.95,7.59,120.9,1.25,12.28,1.27,4572.94,Aceptable
2025-03-06 18:00:00,POZA_5,98.7,18.49,28.09,8.25,104.03,1.171,9.62,2.51,3647.05,Bueno
2025-03-07 00:00:00,POZA_2,63.3,27.51,31.87,7.14,91.81,1.144,8.77,2.16,2682.8,Aceptable
2025-03-07 06:00:00,POZA_3,165.2,12.37,25.38,7.72,119.79,1.223,3.39,0.64,5343.39,Óptimo
2025-03-07 12:00:00,POZA_2,71.3,27.27,22.47,8.27,86.27,1.169,5.74,2.89,3163.29,Bueno
2025-03-07 18:00:00,POZA_2,131.9,9.3,31.57,7.84,102.01,1.173,13.08,0.86,3858.19,Aceptable
2025-03-08 00:00:00,POZA_4,163.9,16.38,24.29,7.75,114.39,1.245,5.23,1.33,5127.85,Óptimo
2025-03-08 06:00:00,POZA_1,125.4,6.89,36.38,7.69,103.21,1.191,12.9,1.79,3920.51,Aceptable
2025-03-08 12:00:00,POZA_5,110.9,12.07,11.13,7.19,96.3,1.206,3.66,2.93,3560.86,Bueno
2025-03-08 18:00:00,POZA_3,75.6,24.7,32.26,8.27,91.05,1.128,6.9,2.28,2940.11,Aceptable
2025-03-09 00:00:00,POZA_3,70.7,22.58,39.99,7.61,91.59,1.173,9.51,0.87,2608.27,Aceptable
2025-03-09 06:00:00,POZA_3,92.2,18.95,18.07,7.94,91.74,1.132,14.39,2.08,3073.24,Aceptable
2025-03-09 12:00:00,POZA_2,143.9,10.13,25.27,7.55,107.19,1.242,8.54,2.8,4685.83,Bueno
2025-03-09 18:00:00,POZA_1,139.3,8.75,34.21,7.29,114.35,1.19,14.74,2.64,3864.6,Aceptable
2025-03-10 00:00:00,POZA_3,139.1,11.92,24.89,7.57,111.34,1.225,11.81,1.46,4254.38,Aceptable
2025-03-10 06:00:00,POZA_1,147.3,10.93,28.48,8.26,111.12,1.225,9.01,2.27,4479.12,Bueno
2025-03-10 12:00:00,POZA_3,175.1,14.56,31.55,8.29,115.6,1.25,9.63,1.49,5263.56,Bueno
2025-03-10 18:00:00,POZA_3,161.9,13.54,28.75,7.47,121.03,1.235,3.85,1.28,5421.67,Óptimo
2025-03-11 00:00:00,POZA_5,157.6,11.22,17.43,7.24,115.53,1.207,7.94,2.84,4948.28,Bueno
2025-03-11 06:00:00,POZA_4,139.9,7.95,33.51,7.43,110.33,1.25,6.99,0.64,4366.74,Bueno
2025-03-11 12:00:00,POZA_2,177.3,17.19,13.49,8.17,123.68,1.25,14.88,1.31,5544.78,Aceptable
2025-03-11 18:00:00,POZA_4,167.2,12.71,39.31,7.15,115.82,1.247,9.67,0.97,5061.31,Bueno
2025-03-12 00:00:00,POZA_2,93.4,14.9,17.93,7.31,92.45,1.143,6.45,2.14,3466.7,Bueno
2025-03-12 06:00:00,POZA_3,120.5,11.6,12.76,7.9,107.72,1.23,6.21,0.54,4420.43,Bueno
2025-03-12 12:00:00,POZA_3,86.0,15.21,30.16,7.88,109.79,1.139,3.02,0.94,3326.36,Bueno
2025-03-12 18:00:00,POZA_4,45.9,27.65,16.08,7.88,91.9,1.159,7.9,0.54,2624.48,Aceptable
2025-03-13 00:00:00,POZA_2,170.4,15.57,16.61,8.09,118.21,1.25,5.58,2.16,5636.11,Óptimo
2025-03-13 06:00:00,POZA_2,31.2,22.31,32.45,8.37,86.24,1.1,8.21,2.31,1749.24,Bajo
2025-03-13 12:00:00,POZA_4,179.4,16.41,30.12,8.05,112.25,1.25,12.82,0.63,5152.68,Aceptable
2025-03-13 18:00:00,POZA_3,32.1,22.66,18.12,7.37,83.67,1.125,11.79,2.02,1669.98,Bajo
2025-03-14 00:00:00,POZA_1,119.2,7.65,36.55,7.57,100.84,1.163,12.44,1.49,3610.08,Aceptable
2025-03-14 06:00:00,POZA_2,68.0,22.96,16.19,8.2,102.46,1.174,13.98,2.65,2565.39,Aceptable
2025-03-14 12:00:00,POZA_4,148.1,16.62,17.45,8.06,109.16,1.191,10.79,2.84,4389.8,Aceptable
2025-03-14 18:00:00,POZA_4,92.9,22.85,27.97,7.3,100.65,1.144,8.63,0.57,3690.95,Bueno
2025-03-15 00:00:00,POZA_5,45.8,24.51,29.66,7.39,97.4,1.133,3.85,0.96,2360.91,Aceptable
2025-03-15 06:00:00,POZA_2,142.0,12.43,23.39,8.21,114.29,1.25,6.06,2.36,4401.16,Bueno
2025-03-15 12:00:00,POZA_1,154.3,8.73,37.41,8.43,119.31,1.206,9.07,2.85,4483.12,Bueno
2025-03-15 18:00:00,POZA_1,77.8,20.75,25.65,8.19,102.45,1.158,8.54,1.54,3185.41,Bueno
2025-03-16 00:00:00,POZA_1,54.1,22.82,30.82,7.34,94.69,1.147,4.94,0.71,2827.94,Aceptable
2025-03-16 06:00:00,POZA_3,92.1,20.28,13.64,7.95,102.22,1.157,5.54,1.28,3671.39,Bueno
2025-03-16 12:00:00,POZA_2,80.4,22.92,39.59,7.62,105.64,1.178,11.15,1.53,2984.5,Aceptable
2025-03-16 18:00:00,POZA_5,55.8,17.76,36.12,7.95,92.41,1.126,10.27,0.79,2283.08,Aceptable
2025-03-17 00:00:00,POZA_1,95.9,17.6,13.43,8.15,103.29,1.202,14.42,2.44,3356.34,Aceptable
2025-03-17 06:00:00,POZA_1,158.6,8.56,36.57,7.33,123.79,1.245,11.78,2.24,4749.71,Aceptable
2025-03-17 12:00:00,POZA_3,99.8,15.74,13.82,7.43,103.85,1.204,12.85,1.51,3891.59,Aceptable
2025-03-17 18:00:00,POZA_4,32.0,30.0,10.47,7.42,81.74,1.1,11.92,2.62,1904.12,Bajo
2025-03-18 00:00:00,POZA_3,127.2,10.29,34.11,7.65,104.96,1.184,7.21,1.43,4048.87,Bueno
2025-03-18 06:00:00,POZA_1,136.0,5.77,11.36,7.52,103.24,1.21,12.98,2.61,4255.93,Aceptable
2025-03-18 12:00:00,POZA_2,30.8,26.64,26.45,7.1,90.19,1.135,12.38,2.38,1936.29,Bajo
2025-03-18 18:00:00,POZA_5,143.8,7.62,29.87,7.52,119.48,1.198,6.1,2.01,4590.06,Bueno
2025-03-19 00:00:00,POZA_3,128.1,11.34,28.97,7.23,113.18,1.243,6.25,1.01,4270.58,Bueno
2025-03-19 06:00:00,POZA_3,57.8,28.6,36.06,8.09,94.27,1.156,10.02,0.83,2744.05,Aceptable
2025-03-19 12:00:00,POZA_5,153.3,13.95,18.16,8.04,117.04,1.23,10.64,1.31,4842.18,Aceptable
2025-03-19 18:00:00,POZA_2,153.9,5.39,29.64,8.24,112.73,1.225,14.8,2.47,4591.38,Aceptable
2025-03-20 00:00:00,POZA_1,134.8,7.16,10.93,7.39,100.15,1.219,3.47,2.17,4271.75,Bueno
2025-03-20 06:00:00,POZA_3,164.7,11.31,37.03,8.49,120.26,1.244,5.99,1.94,5220.54,Óptimo
2025-03-20 12:00:00,POZA_3,179.8,19.21,34.2,8.29,115.91,1.248,4.56,0.56,5617.5,Óptimo
2025-03-20 18:00:00,POZA_3,157.4,10.54,12.41,7.47,114.79,1.236,6.71,0.83,5209.87,Bueno
2025-03-21 00:00:00,POZA_5,30.8,24.46,22.07,7.59,90.14,1.13,11.8,2.19,1664.91,Bajo
2025-03-21 06:00:00,POZA_4,88.4,21.05,37.85,8.39,92.64,1.181,5.54,2.99,2975.91,Aceptable
2025-03-21 12:00:00,POZA_4,104.1,15.05,38.2,7.76,108.76,1.206,4.32,2.81,3591.9,Bueno
2025-03-21 18:00:00,POZA_4,105.1,18.52,29.46,7.41,108.73,1.196,10.19,0.95,3466.78,Aceptable
2025-03-22 00:00:00,POZA_3,36.4,21.53,38.46,7.09,99.26,1.127,8.46,2.21,1722.22,Bajo
2025-03-22 06:00:00,POZA_5,125.9,14.6,29.28,7.12,109.47,1.196,10.13,2.26,4102.74,Aceptable
2025-03-22 12:00:00,POZA_3,93.5,18.78,36.43,8.32,96.99,1.155,13.36,2.72,3142.95,Aceptable
2025-03-22 18:00:00,POZA_5,140.6,12.69,39.92,7.05,108.09,1.222,14.68,1.66,4229.76,Aceptable
2025-03-23 00:00:00,POZA_2,39.4,24.18,39.26,8.23,87.76,1.129,3.85,1.03,2018.96,Aceptable
2025-03-23 06:00:00,POZA_2,101.2,15.82,25.9,8.48,98.64,1.195,5.64,0.55,3509.39,Bueno
2025-03-23 12:00:00,POZA_2,68.5,28.17,11.88,7.32,89.52,1.149,7.11,2.66,3102.16,Bueno
2025-03-23 18:00:00,POZA_4,154.4,13.3,14.68,7.72,121.81,1.215,6.74,0.51,5256.55,Bueno
2025-03-24 00:00:00,POZA_2,103.2,15.41,19.19,8.23,98.76,1.184,8.5,2.31,3543.54,Bueno
2025-03-24 06:00:00,POZA_1,130.1,12.01,19.42,7.81,110.75,1.203,5.34,1.72,4564.13,Óptimo
2025-03-24 12:00:00,POZA_5,103.9,19.21,20.84,8.29,102.78,1.152,8.45,2.41,3573.7,Bueno
2025-03-24 18:00:00,POZA_5,163.5,12.21,32.09,7.77,123.05,1.231,14.64,2.83,4895.93,Aceptable
2025-03-25 00:00:00,POZA_5,129.3,11.29,15.56,7.42,103.24,1.196,12.91,1.21,3994.62,Aceptable
2025-03-25 06:00:00,POZA_4,116.5,6.47,33.57,7.38,110.55,1.222,9.88,1.34,3581.89,Bueno
2025-03-25 12:00:00,POZA_4,130.9,8.43,36.22,7.37,105.71,1.215,10.53,2.38,4065.34,Aceptable
2025-03-25 18:00:00,POZA_1,98.7,14.66,24.58,8.38,100.64,1.169,13.9,1.67,3118.76,Aceptable
2025-03-26 00:00:00,POZA_2,145.9,12.68,32.81,7.77,120.01,1.229,7.51,2.27,4696.44,Bueno
2025-03-26 06:00:00,POZA_1,55.6,26.11,28.45,8.37,81.7,1.157,3.6,0.59,3223.17,Bueno
2025-03-26 12:00:00,POZA_3,157.9,13.14,16.47,7.5,118.89,1.25,13.98,0.97,4777.87,Aceptable
2025-03-26 18:00:00,POZA_5,56.0,29.31,21.76,8.13,90.01,1.153,5.84,2.19,2683.52,Aceptable
2025-03-27 00:00:00,POZA_1,155.3,10.25,19.54,8.12,117.67,1.213,6.39,1.55,5024.89,Bueno
2025-03-27 06:00:00,POZA_2,79.8,25.32,29.6,7.29,106.25,1.184,10.2,1.77,2850.98,Aceptable
2025-03-27 12:00:00,POZA_3,166.9,11.05,30.34,7.81,106.99,1.223,12.53,1.2,4635.47,Aceptable
2025-03-27 18:00:00,POZA_5,157.4,12.11,38.17,7.68,115.12,1.222,5.88,2.28,4904.5,Óptimo
2025-03-28 00:00:00,POZA_5,97.0,12.32,24.13,7.99,101.61,1.197,9.93,2.76,3444.58,Bueno
2025-03-28 06:00:00,POZA_1,47.2,29.32,17.48,8.08,89.92,1.132,12.09,1.24,2423.82,Aceptable
2025-03-28 12:00:00,POZA_5,96.0,17.97,28.11,8.29,101.72,1.172,8.83,0.79,3505.2,Bueno
2025-03-28 18:00:00,POZA_4,103.9,17.81,23.02,7.25,94.97,1.189,13.83,1.36,3258.2,Aceptable
2025-03-29 00:00:00,POZA_5,117.2,18.15,22.33,7.84,107.15,1.214,4.18,0.69,4073.01,Bueno
2025-03-29 06:00:00,POZA_3,47.8,26.44,32.17,7.05,87.23,1.148,4.24,0.93,2743.3,Aceptable
2025-03-29 12:00:00,POZA_1,142.2,5.3,22.71,8.19,113.5,1.207,4.39,0.57,4565.98,Óptimo
2025-03-29 18:00:00,POZA_5,98.7,18.49,17.59,7.87,95.25,1.204,12.85,1.69,3305.76,Aceptable
2025-03-30 00:00:00,POZA_5,149.1,6.71,35.04,7.54,114.12,1.227,5.19,0.85,4850.26,Óptimo
2025-03-30 06:00:00,POZA_5,87.7,14.13,37.98,7.18,97.54,1.177,9.38,0.58,3126.43,Bueno
2025-03-30 12:00:00,POZA_4,76.8,24.7,28.58,7.5,90.85,1.15,9.15,2.43,2868.9,Aceptable
2025-03-30 18:00:00,POZA_2,134.0,6.57,30.44,8.41,113.16,1.209,8.26,2.75,4185.28,Bueno
2025-03-31 00:00:00,POZA_4,45.9,22.79,30.27,7.99,81.26,1.135,5.18,0.89,2223.49,Aceptable
2025-03-31 06:00:00,POZA_5,166.1,11.25,25.55,8.07,114.22,1.233,14.62,1.16,4768.27,Aceptable
2025-03-31 12:00:00,POZA_5,155.5,10.72,21.39,7.47,111.35,1.22,6.78,0.61,4967.2,Bueno
2025-03-31 18:00:00,POZA_2,94.3,20.32,14.39,8.25,103.71,1.203,8.18,1.45,3604.79,Bueno
2025-04-01 00:00:00,POZA_1,156.6,18.06,19.25,7.86,101.49,1.226,6.26,0.52,5146.13,Bueno
2025-04-01 06:00:00,POZA_3,134.5,6.85,16.33,8.29,106.19,1.207,4.59,1.46,4681.31,Óptimo
2025-04-01 12:00:00,POZA_1,98.2,16.42,22.93,7.46,94.99,1.178,8.96,2.79,3592.39,Bueno
2025-04-01 18:00:00,POZA_3,54.0,24.89,32.72,8.35,85.96,1.141,4.2,0.54,2441.9,Aceptable
2025-04-02 00:00:00,POZA_3,120.4,10.43,10.71,8.25,103.69,1.21,14.12,1.55,3764.97,Aceptable
2025-04-02 06:00:00,POZA_2,35.9,19.72,10.86,7.87,94.57,1.128,10.06,1.49,2016.7,Aceptable
2025-04-02 12:00:00,POZA_3,39.3,30.0,32.54,7.2,95.23,1.105,4.12,1.53,2300.7,Aceptable
2025-04-02 18:00:00,POZA_2,150.8,8.27,34.52,8.4,109.96,1.223,7.05,2.68,4561.73,Bueno
2025-04-03 00:00:00,POZA_5,129.4,11.72,31.83,7.73,111.36,1.218,5.6,1.02,4602.13,Óptimo
2025-04-03 06:00:00,POZA_5,144.0,9.52,18.05,7.54,111.16,1.25,3.68,0.59,4637.68,Óptimo
2025-04-03 12:00:00,POZA_4,80.6,19.64,39.28,7.52,101.64,1.142,4.47,0.78,2971.97,Aceptable
2025-04-03 18:00:00,POZA_5,130.9,12.04,34.73,7.6,113.94,1.219,7.33,2.18,4159.96,Bueno
2025-04-04 00:00:00,POZA_3,178.5,15.21,25.14,7.18,117.33,1.239,12.14,1.77,5205.37,Aceptable
2025-04-04 06:00:00,POZA_3,177.8,14.1,23.39,7.93,126.99,1.248,10.74,0.56,5763.41,Aceptable
2025-04-04 12:00:00,POZA_2,71.8,25.1,17.61,7.71,108.11,1.132,10.83,2.45,2915.82,Aceptable
2025-04-04 18:00:00,POZA_2,120.4,9.72,18.63,7.14,106.84,1.18,3.22,1.66,4105.13,Bueno
2025-04-05 00:00:00,POZA_1,65.0,28.73,16.56,7.09,97.92,1.16,13.19,0.61,2544.41,Aceptable
2025-04-05 06:00:00,POZA_4,179.5,16.75,22.34,7.19,113.72,1.25,12.68,2.61,5324.32,Aceptable
2025-04-05 12:00:00,POZA_4,146.6,13.71,24.78,7.95,117.19,1.214,12.67,1.98,4700.04,Aceptable
2025-04-05 18:00:00,POZA_4,114.6,10.66,12.7,7.9,105.47,1.208,7.88,0.86,3944.59,Bueno
2025-04-06 00:00:00,POZA_5,178.7,18.08,39.83,7.91,123.22,1.25,10.37,1.95,5318.32,Aceptable
2025-04-06 06:00:00,POZA_4,70.8,25.59,29.01,7.89,90.04,1.182,9.68,1.36,2656.0,Aceptable
2025-04-06 12:00:00,POZA_5,168.6,12.83,19.55,8.34,101.54,1.214,6.59,2.73,5463.95,Bueno
2025-04-06 18:00:00,POZA_2,136.8,6.2,10.39,7.81,106.62,1.226,4.02,1.87,4988.99,Óptimo
2025-04-07 00:00:00,POZA_3,121.1,7.6,12.85,7.47,103.93,1.2,9.38,2.68,4021.26,Bueno
2025-04-07 06:00:00,POZA_1,163.7,6.23,24.29,7.48,114.4,1.25,10.11,2.24,4936.98,Aceptable
2025-04-07 12:00:00,POZA_5,124.9,11.83,30.8,8.05,102.62,1.215,9.0,2.33,4074.89,Bueno
2025-04-07 18:00:00,POZA_2,147.1,13.52,19.23,7.74,116.33,1.21,5.71,1.88,5003.55,Óptimo
2025-04-08 00:00:00,POZA_3,46.2,30.0,26.24,7.13,87.06,1.162,5.8,2.09,2815.34,Aceptable
2025-04-08 06:00:00,POZA_4,169.9,8.08,21.98,7.9,118.64,1.222,14.72,1.86,5000.32,Aceptable
2025-04-08 12:00:00,POZA_5,139.5,14.21,23.99,7.28,104.3,1.226,7.3,2.78,4823.48,Bueno
2025-04-08 18:00:00,POZA_5,77.4,19.19,30.27,7.59,103.34,1.159,7.95,2.84,3225.97,Bueno
2025-04-09 00:00:00,POZA_1,48.1,27.28,21.34,7.09,91.07,1.142,4.94,2.15,2209.75,Aceptable
2025-04-09 06:00:00,POZA_1,46.0,25.58,39.57,7.0,95.51,1.169,8.49,1.49,2435.25,Aceptable
2025-04-09 12:00:00,POZA_1,171.1,14.81,14.54,7.72,118.67,1.25,7.82,1.35,5753.96,Bueno
2025-04-09 18:00:00,POZA_4,54.4,25.16,28.6,8.05,92.47,1.13,4.4,1.14,2581.33,Aceptable
2025-04-10 00:00:00,POZA_4,111.0,14.12,37.24,7.59,100.72,1.177,4.82,1.58,3758.63,Bueno
2025-04-10 06:00:00,POZA_4,122.2,5.61,24.1,7.75,108.45,1.189,12.5,2.79,3590.91,Aceptable
2025-04-10 12:00:00,POZA_1,147.5,10.75,13.73,8.31,112.29,1.232,9.97,2.84,4292.92,Bueno
2025-04-10 18:00:00,POZA_5,164.3,13.41,28.54,7.51,114.06,1.244,7.22,2.03,4958.91,Bueno
2025-04-11 00:00:00,POZA_2,47.5,25.34,23.78,8.13,89.23,1.134,5.39,1.16,2274.77,Aceptable
2025-04-11 06:00:00,POZA_4,150.0,14.13,28.94,8.18,114.39,1.195,14.5,1.85,4734.47,Aceptable
2025-04-11 12:00:00,POZA_3,92.3,18.48,10.63,8.23,98.83,1.187,6.4,2.59,3662.11,Bueno
2025-04-11 18:00:00,POZA_5,130.0,10.24,14.9,7.28,104.86,1.199,3.61,1.49,4245.09,Bueno
2025-04-12 00:00:00,POZA_5,172.9,12.99,15.82,7.71,121.29,1.25,14.93,1.0,5554.47,Aceptable
2025-04-12 06:00:00,POZA_4,47.0,18.05,19.91,7.88,97.21,1.1,14.24,2.96,1665.56,Bajo
2025-04-12 12:00:00,POZA_4,48.5,21.08,20.74,8.48,91.37,1.147,4.71,1.46,2491.32,Aceptable
2025-04-12 18:00:00,POZA_5,41.5,22.52,24.69,7.62,98.08,1.137,11.74,1.29,2096.28,Aceptable
2025-04-13 00:00:00,POZA_5,65.5,26.4,26.41,7.71,99.77,1.137,12.39,2.98,2396.8,Aceptable
2025-04-13 06:00:00,POZA_4,133.1,17.22,32.19,7.92,108.68,1.199,11.78,1.43,4324.16,Aceptable
2025-04-13 12:00:00,POZA_3,150.6,7.99,22.47,7.82,115.59,1.236,14.96,0.84,4065.56,Aceptable
2025-04-13 18:00:00,POZA_1,89.4,17.54,30.08,7.73,94.0,1.138,10.13,1.94,2997.37,Aceptable
2025-04-14 00:00:00,POZA_3,128.4,8.89,16.74,7.1,103.51,1.196,8.68,0.61,4328.2,Bueno
2025-04-14 06:00:00,POZA_5,69.2,25.78,33.89,8.1,104.27,1.152,4.6,1.15,3358.97,Bueno
2025-04-14 12:00:00,POZA_2,39.1,22.93,19.57,7.62,91.54,1.129,4.1,1.3,2323.5,Aceptable
2025-04-14 18:00:00,POZA_4,171.2,13.3,12.74,7.94,111.55,1.199,9.26,2.74,5526.93,Bueno
2025-04-15 00:00:00,POZA_1,71.3,20.37,27.64,7.47,95.77,1.183,10.34,1.24,2845.63,Aceptable
2025-04-15 06:00:00,POZA_1,115.8,11.01,15.96,7.37,101.79,1.207,10.06,1.57,3593.36,Aceptable
2025-04-15 12:00:00,POZA_3,42.2,21.43,18.5,7.6,89.86,1.162,12.58,2.83,2142.12,Aceptable
2025-04-15 18:00:00,POZA_1,113.6,16.16,34.23,8.33,111.55,1.178,4.6,2.1,4061.68,Bueno
2025-04-16 00:00:00,POZA_5,50.6,20.51,37.35,7.06,85.96,1.182,14.18,2.05,1962.64,Bajo
2025-04-16 06:00:00,POZA_5,170.2,16.43,32.98,8.04,114.32,1.24,4.57,2.18,5457.25,Óptimo
2025-04-16 12:00:00,POZA_4,94.2,22.17,21.01,7.22,104.99,1.166,10.63,1.5,3286.07,Aceptable
2025-04-16 18:00:00,POZA_4,70.4,25.5,37.28,7.56,92.47,1.167,13.15,0.96,2638.45,Aceptable
2025-04-17 00:00:00,POZA_5,86.5,18.55,24.59,7.16,98.31,1.156,12.71,2.69,2836.0,Aceptable
2025-04-17 06:00:00,POZA_3,158.8,12.54,14.4,8.04,118.04,1.235,6.98,1.75,5230.21,Bueno
2025-04-17 12:00:00,POZA_4,106.6,13.72,34.07,8.29,100.05,1.213,12.02,2.53,3212.36,Aceptable
2025-04-17 18:00:00,POZA_5,73.4,25.01,39.6,7.9,99.26,1.166,10.5,2.1,2685.34,Aceptable
2025-04-18 00:00:00,POZA_4,38.0,25.03,35.47,7.58,97.49,1.138,9.59,0.97,1940.72,Bajo
2025-04-18 06:00:00,POZA_1,116.7,11.87,33.79,8.47,96.25,1.182,11.47,2.81,3276.19,Aceptable
2025-04-18 12:00:00,POZA_3,75.6,23.59,19.19,7.49,91.75,1.159,13.35,1.08,2746.7,Aceptable
2025-04-18 18:00:00,POZA_5,124.4,11.42,39.86,8.37,109.39,1.207,5.06,0.92,3875.55,Bueno
2025-04-19 00:00:00,POZA_4,35.0,24.7,11.89,7.6,82.84,1.1,13.43,1.83,1642.76,Bajo
2025-04-19 06:00:00,POZA_5,93.3,16.38,34.61,7.97,103.65,1.154,6.08,2.38,3070.19,Bueno
2025-04-19 12:00:00,POZA_3,129.1,8.14,35.37,7.39,114.18,1.192,13.34,0.76,4274.65,Aceptable
2025-04-19 18:00:00,POZA_4,167.3,14.23,15.03,7.18,120.56,1.242,14.15,1.58,5018.33,Aceptable
2025-04-20 00:00:00,POZA_5,106.9,11.03,28.64,8.08,96.3,1.187,12.63,1.35,3332.26,Aceptable
2025-04-20 06:00:00,POZA_2,133.0,10.91,33.2,8.01,110.38,1.212,3.45,2.52,4283.07,Bueno
2025-04-20 12:00:00,POZA_3,178.0,12.83,26.15,8.49,123.68,1.229,3.08,1.51,5835.36,Óptimo
2025-04-20 18:00:00,POZA_5,48.3,21.98,22.84,7.09,91.53,1.128,8.26,2.94,2119.94,Aceptable
2025-04-21 00:00:00,POZA_3,140.6,13.68,20.18,8.06,111.91,1.235,13.99,2.29,4375.35,Aceptable
2025-04-21 06:00:00,POZA_3,78.9,27.04,14.17,7.66,96.7,1.136,4.39,2.59,3344.86,Bueno
2025-04-21 12:00:00,POZA_2,32.2,25.29,36.35,8.43,99.59,1.12,10.11,2.25,2035.27,Aceptable
2025-04-21 18:00:00,POZA_5,76.5,26.79,32.18,7.97,97.09,1.167,4.05,1.44,3004.95,Bueno
2025-04-22 00:00:00,POZA_5,57.9,28.19,35.59,7.17,98.17,1.149,12.95,1.77,2641.93,Aceptable
2025-04-22 06:00:00,POZA_4,81.4,17.8,14.38,8.41,100.52,1.191,3.83,1.34,3395.33,Bueno
2025-04-22 12:00:00,POZA_2,125.3,8.2,27.89,8.22,105.87,1.185,5.36,1.09,4139.63,Bueno
2025-04-22 18:00:00,POZA_4,114.7,13.38,25.78,8.14,108.94,1.178,8.66,1.68,3976.91,Bueno
2025-04-23 00:00:00,POZA_5,107.6,10.61,22.37,7.11,102.01,1.212,11.7,1.4,3561.69,Aceptable
2025-04-23 06:00:00,POZA_5,88.0,18.04,37.32,7.01,98.24,1.152,6.69,2.82,3221.37,Bueno
2025-04-23 12:00:00,POZA_4,115.6,17.73,17.21,7.67,108.81,1.188,13.52,2.32,3745.06,Aceptable
2025-04-23 18:00:00,POZA_4,167.5,9.55,32.79,7.51,109.83,1.25,3.6,1.14,5268.67,Óptimo
2025-04-24 00:00:00,POZA_2,64.0,25.67,22.71,7.51,95.11,1.152,8.87,1.38,2861.8,Aceptable
2025-04-24 06:00:00,POZA_4,113.0,11.5,19.37,8.09,96.37,1.204,14.83,2.48,3564.4,Aceptable
2025-04-24 12:00:00,POZA_4,150.8,9.39,11.54,7.6,118.97,1.215,11.99,1.39,5001.21,Aceptable
2025-04-24 18:00:00,POZA_5,58.0,26.37,16.12,7.44,100.99,1.146,5.59,2.92,3060.86,Bueno
2025-04-25 00:00:00,POZA_5,89.4,22.98,18.99,8.44,102.13,1.22,11.17,2.17,3392.21,Aceptable
2025-04-25 06:00:00,POZA_4,60.9,28.05,26.52,7.23,95.85,1.164,11.78,2.42,2766.31,Aceptable
2025-04-25 12:00:00,POZA_3,92.7,19.61,25.47,7.75,99.73,1.185,6.91,0.98,3660.31,Bueno
2025-04-25 18:00:00,POZA_5,81.0,23.03,15.45,7.65,100.14,1.178,9.42,2.09,3068.28,Bueno
2025-04-26 00:00:00,POZA_2,73.0,28.21,35.1,8.06,96.82,1.163,6.68,1.16,3094.48,Bueno
2025-04-26 06:00:00,POZA_4,169.5,8.2,11.58,8.09,118.64,1.234,9.39,1.91,5171.87,Bueno
2025-04-26 12:00:00,POZA_1,56.2,28.74,36.95,7.87,97.55,1.13,6.94,1.72,2701.74,Aceptable
2025-04-26 18:00:00,POZA_4,120.4,21.34,20.03,7.78,101.13,1.211,5.23,0.71,4225.22,Bueno
2025-04-27 00:00:00,POZA_5,106.0,16.23,34.15,7.21,106.61,1.158,11.7,2.59,3337.44,Aceptable
2025-04-27 06:00:00,POZA_5,101.2,17.95,10.36,7.83,101.33,1.182,4.02,2.93,4068.5,Bueno
2025-04-27 12:00:00,POZA_1,72.2,18.78,33.49,8.13,82.87,1.184,4.37,1.14,2880.02,Aceptable
2025-04-27 18:00:00,POZA_2,145.3,10.42,13.58,7.05,108.92,1.245,6.15,1.55,4801.35,Bueno
2025-04-28 00:00:00,POZA_1,122.5,10.37,29.61,7.53,111.76,1.22,5.78,1.51,4192.05,Bueno
2025-04-28 06:00:00,POZA_1,174.9,19.3,18.56,7.95,122.89,1.223,12.09,1.2,4987.75,Aceptable
2025-04-28 12:00:00,POZA_4,44.3,23.12,15.16,7.82,88.86,1.116,9.18,0.76,2172.35,Aceptable
2025-04-28 18:00:00,POZA_1,165.9,13.21,35.82,8.04,125.23,1.23,3.42,2.37,5386.31,Óptimo
2025-04-29 00:00:00,POZA_4,91.0,19.86,36.98,7.94,104.42,1.168,5.42,2.77,3271.12,Bueno
2025-04-29 06:00:00,POZA_5,131.5,7.69,32.69,7.71,106.33,1.221,3.48,1.32,4095.68,Bueno
2025-04-29 12:00:00,POZA_5,52.2,25.02,33.07,7.64,89.79,1.136,3.41,1.61,2523.89,Aceptable
2025-04-29 18:00:00,POZA_2,75.3,22.75,22.09,7.95,93.94,1.145,14.72,0.97,2770.52,Aceptable
2025-04-30 00:00:00,POZA_4,103.2,21.45,16.45,7.94,97.57,1.169,5.91,1.01,3654.77,Bueno
2025-04-30 06:00:00,POZA_1,167.8,12.51,22.15,7.36,115.42,1.25,13.21,2.35,5199.47,Aceptable
2025-04-30 12:00:00,POZA_2,78.9,20.14,28.25,7.67,104.63,1.149,3.7,1.25,3310.91,Bueno
2025-04-30 18:00:00,POZA_4,85.4,17.95,38.62,8.3,100.68,1.207,3.2,1.35,3351.96,Bueno
2025-05-01 00:00:00,POZA_3,135.2,10.58,10.22,8.04,96.93,1.207,7.42,2.95,4482.23,Bueno
2025-05-01 06:00:00,POZA_4,107.2,14.34,20.79,7.8,109.56,1.18,14.27,1.24,3738.23,Aceptable
2025-05-01 12:00:00,POZA_4,143.5,12.39,39.9,7.64,113.95,1.232,5.65,0.9,4688.9,Óptimo
2025-05-01 18:00:00,POZA_4,38.2,25.69,18.73,7.7,90.89,1.123,5.31,0.82,2417.01,Aceptable
2025-05-02 00:00:00,POZA_3,137.3,13.5,10.21,7.69,108.3,1.207,8.4,1.14,4571.04,Bueno
2025-05-02 06:00:00,POZA_3,177.6,12.23,15.53,7.06,124.37,1.246,10.27,1.57,5324.4,Aceptable
2025-05-02 12:00:00,POZA_5,147.5,9.69,26.07,7.72,117.47,1.241,13.73,1.34,4387.64,Aceptable
2025-05-02 18:00:00,POZA_1,171.8,13.97,36.71,7.39,115.02,1.203,14.43,2.56,4890.47,Aceptable
2025-05-03 00:00:00,POZA_5,179.8,16.05,12.48,7.23,116.83,1.25,6.11,1.29,5388.42,Bueno
2025-05-03 06:00:00,POZA_2,160.5,17.03,21.79,7.39,114.47,1.25,10.5,2.84,4916.82,Aceptable
2025-05-03 12:00:00,POZA_3,174.1,13.35,17.73,7.67,118.82,1.25,14.95,1.22,5290.9,Aceptable
2025-05-03 18:00:00,POZA_3,65.5,24.32,13.11,7.44,93.82,1.16,4.6,2.63,2883.13,Aceptable
2025-05-04 00:00:00,POZA_4,55.6,21.0,22.95,8.17,86.45,1.175,9.92,1.36,2407.27,Aceptable
2025-05-04 06:00:00,POZA_3,135.8,11.9,17.08,7.22,106.51,1.204,9.15,2.61,4330.52,Bueno
2025-05-04 12:00:00,POZA_3,136.0,12.7,17.32,7.68,112.01,1.218,7.67,0.83,4627.05,Bueno
2025-05-04 18:00:00,POZA_1,89.2,18.2,39.0,8.44,102.55,1.159,13.75,2.92,2716.22,Aceptable
2025-05-05 00:00:00,POZA_1,163.4,11.04,18.0,7.18,114.55,1.229,12.86,0.85,4904.26,Aceptable
2025-05-05 06:00:00,POZA_1,37.2,25.8,10.2,8.15,89.1,1.161,9.27,2.1,2167.31,Aceptable
2025-05-05 12:00:00,POZA_2,66.2,27.91,28.22,7.13,99.59,1.146,10.15,2.35,2777.33,Aceptable
2025-05-05 18:00:00,POZA_1,156.2,6.51,14.01,8.43,113.68,1.25,9.54,0.81,4661.72,Bueno
2025-05-06 00:00:00,POZA_3,70.7,26.06,10.22,7.76,100.38,1.154,8.33,1.26,3248.55,Bueno
2025-05-06 06:00:00,POZA_1,70.0,28.38,35.75,8.27,95.72,1.186,6.75,0.65,2817.87,Aceptable
2025-05-06 12:00:00,POZA_4,178.9,13.4,15.28,8.3,123.31,1.227,13.35,2.54,5333.3,Aceptable
2025-05-06 18:00:00,POZA_3,139.1,12.07,28.29,8.37,105.13,1.225,9.82,1.19,4293.61,Bueno
2025-05-07 00:00:00,POZA_5,69.1,29.32,15.22,7.82,96.09,1.149,3.32,1.62,3427.36,Bueno
2025-05-07 06:00:00,POZA_5,76.5,22.51,19.68,7.39,90.29,1.142,14.13,2.67,2741.44,Aceptable
2025-05-07 12:00:00,POZA_1,75.6,18.17,36.99,7.94,101.37,1.152,8.99,2.41,2818.51,Aceptable
2025-05-07 18:00:00,POZA_4,98.8,15.23,29.17,7.12,102.11,1.147,9.55,0.83,3346.06,Bueno
2025-05-08 00:00:00,POZA_2,149.3,5.0,13.2,7.97,123.38,1.228,10.51,0.69,4706.61,Aceptable
2025-05-08 06:00:00,POZA_3,123.2,10.55,36.98,7.2,100.04,1.226,14.63,1.63,3580.63,Aceptable
2025-05-08 12:00:00,POZA_2,140.4,12.52,20.23,8.5,104.41,1.199,14.17,0.56,4130.92,Aceptable
2025-05-08 18:00:00,POZA_3,41.2,24.46,20.43,7.03,82.2,1.14,13.55,1.79,1837.72,Bajo
2025-05-09 00:00:00,POZA_4,127.5,9.21,20.87,8.24,107.98,1.199,3.66,1.57,4593.61,Óptimo
2025-05-09 06:00:00,POZA_2,147.6,12.2,20.15,8.37,112.01,1.235,11.39,1.27,4723.36,Aceptable
2025-05-09 12:00:00,POZA_2,77.4,23.32,11.19,7.9,92.97,1.129,3.92,2.18,2953.07,Aceptable
2025-05-09 18:00:00,POZA_5,66.7,27.88,36.31,7.36,93.46,1.128,4.22,2.78,2905.62,Aceptable
2025-05-10 00:00:00,POZA_5,144.0,5.0,26.39,7.14,108.19,1.23,5.24,0.97,4848.07,Óptimo
2025-05-10 06:00:00,POZA_3,38.6,29.12,10.52,7.07,90.05,1.157,6.92,1.37,2418.84,Aceptable
2025-05-10 12:00:00,POZA_1,71.1,27.14,32.25,8.01,105.05,1.148,4.51,0.82,2904.06,Aceptable
2025-05-10 18:00:00,POZA_2,143.9,7.95,25.39,7.51,112.96,1.24,6.87,2.44,4368.63,Bueno
2025-05-11 00:00:00,POZA_3,135.5,12.07,18.58,7.96,112.36,1.217,3.4,1.95,4566.06,Óptimo
2025-05-11 06:00:00,POZA_3,136.8,8.49,24.83,8.37,107.14,1.205,12.11,1.75,4136.99,Aceptable
2025-05-11 12:00:00,POZA_2,126.9,9.15,30.5,7.89,105.9,1.19,8.38,1.51,4260.45,Bueno
2025-05-11 18:00:00,POZA_4,30.3,19.79,36.36,7.3,85.29,1.1,9.55,2.21,1738.36,Bajo
2025-05-12 00:00:00,POZA_3,108.1,12.11,34.55,7.5,103.75,1.201,9.16,0.77,4000.66,Bueno
2025-05-12 06:00:00,POZA_4,49.5,22.54,12.93,7.25,93.72,1.168,9.45,2.19,2207.25,Aceptable
2025-05-12 12:00:00,POZA_2,124.3,14.18,27.08,8.25,107.07,1.225,14.76,2.96,3958.03,Aceptable
2025-05-12 18:00:00,POZA_3,66.5,23.84,33.42,8.37,95.48,1.186,8.16,1.59,2559.28,Aceptable
2025-05-13 00:00:00,POZA_1,116.0,12.35,38.21,8.43,101.22,1.209,8.69,2.69,3547.66,Bueno
2025-05-13 06:00:00,POZA_3,30.6,23.47,19.47,8.19,81.77,1.102,8.49,0.74,2073.48,Aceptable
2025-05-13 12:00:00,POZA_5,127.8,15.69,13.22,7.03,100.37,1.202,12.84,3.0,4140.06,Aceptable
2025-05-13 18:00:00,POZA_1,69.8,24.49,37.47,7.75,95.89,1.15,14.73,2.91,2503.82,Aceptable
2025-05-14 00:00:00,POZA_1,74.9,21.95,34.48,7.57,94.15,1.157,14.78,2.07,2488.26,Aceptable
2025-05-14 06:00:00,POZA_2,136.3,11.33,31.82,8.18,105.74,1.198,8.8,0.66,4177.3,Bueno
2025-05-14 12:00:00,POZA_5,139.8,8.63,29.12,7.11,105.66,1.227,14.95,1.69,3763.98,Aceptable
2025-05-14 18:00:00,POZA_4,81.7,23.88,34.41,8.07,96.93,1.175,4.85,2.07,3203.77,Bueno
2025-05-15 00:00:00,POZA_4,32.5,24.03,16.35,8.1,89.67,1.128,4.95,2.9,1801.28,Bajo
2025-05-15 06:00:00,POZA_2,137.6,6.38,10.57,8.03,117.01,1.218,8.22,1.81,4594.66,Bueno
2025-05-15 12:00:00,POZA_5,31.1,29.85,23.28,8.1,83.98,1.139,10.06,1.03,1837.51,Bajo
2025-05-15 18:00:00,POZA_5,96.0,17.92,27.93,8.11,97.75,1.181,3.63,2.25,3480.76,Bueno
2025-05-16 00:00:00,POZA_4,124.0,5.25,26.98,8.38,93.4,1.199,11.62,1.97,3991.8,Aceptable
2025-05-16 06:00:00,POZA_2,58.8,20.55,37.45,7.5,91.93,1.15,10.58,1.86,2444.48,Aceptable
2025-05-16 12:00:00,POZA_3,169.5,9.3,19.07,7.08,116.81,1.25,14.2,2.83,4943.84,Aceptable
2025-05-16 18:00:00,POZA_3,107.6,10.85,27.57,7.16,108.7,1.164,11.61,2.44,3594.01,Aceptable
2025-05-17 00:00:00,POZA_2,30.7,22.21,25.27,7.04,85.87,1.1,9.4,2.99,1708.06,Bajo
2025-05-17 06:00:00,POZA_3,61.8,22.67,22.33,7.35,88.99,1.15,7.06,0.52,2792.03,Aceptable
2025-05-17 12:00:00,POZA_4,91.2,19.75,36.97,7.94,95.84,1.174,9.24,0.59,3251.7,Bueno
2025-05-17 18:00:00,POZA_1,164.6,10.46,34.15,8.28,119.55,1.239,3.6,0.87,5187.39,Óptimo
2025-05-18 00:00:00,POZA_5,71.0,24.28,26.09,7.75,95.55,1.177,3.17,0.62,2896.05,Aceptable
2025-05-18 06:00:00,POZA_1,153.4,10.71,23.79,7.75,112.57,1.232,9.04,2.41,4725.49,Bueno
2025-05-18 12:00:00,POZA_3,52.4,22.74,36.17,7.92,94.01,1.128,10.52,1.13,2257.92,Aceptable
2025-05-18 18:00:00,POZA_1,123.3,13.28,25.63,8.0,109.42,1.191,6.56,0.5,4328.55,Bueno
2025-05-19 00:00:00,POZA_2,44.9,25.27,36.24,7.19,87.94,1.127,10.48,1.39,2130.43,Aceptable
2025-05-19 06:00:00,POZA_3,134.5,9.39,19.6,8.14,107.45,1.203,8.01,0.61,4588.58,Bueno
2025-05-19 12:00:00,POZA_3,54.1,28.87,13.17,7.76,96.01,1.158,9.43,1.49,2635.43,Aceptable
2025-05-19 18:00:00,POZA_3,149.5,13.54,20.16,7.08,110.41,1.25,14.21,2.32,4708.88,Aceptable
2025-05-20 00:00:00,POZA_3,65.8,24.31,20.02,7.16,101.88,1.137,8.53,1.27,2784.35,Aceptable
2025-05-20 06:00:00,POZA_4,111.6,7.47,23.42,8.45,108.5,1.165,5.92,1.64,3765.11,Bueno
2025-05-20 12:00:00,POZA_5,139.7,10.69,17.13,7.73,108.14,1.236,14.34,2.79,4073.79,Aceptable
2025-05-20 18:00:00,POZA_4,157.9,12.1,20.58,8.08,113.85,1.244,4.52,0.95,5098.59,Óptimo
2025-05-21 00:00:00,POZA_4,42.3,25.71,37.7,7.82,90.6,1.154,10.91,2.97,1801.0,Bajo
2025-05-21 06:00:00,POZA_3,139.3,5.74,13.3,7.58,111.63,1.218,10.23,2.32,4411.16,Aceptable
2025-05-21 12:00:00,POZA_2,52.7,23.36,32.69,7.81,84.46,1.14,14.2,2.09,1934.49,Bajo
2025-05-21 18:00:00,POZA_1,109.9,15.16,32.21,7.18,104.31,1.185,3.33,1.51,3898.58,Bueno
2025-05-22 00:00:00,POZA_4,171.9,17.35,11.51,7.09,129.92,1.25,4.63,2.59,5800.73,Óptimo
2025-05-22 06:00:00,POZA_2,168.5,8.81,27.0,7.97,116.25,1.233,6.35,1.42,5013.9,Bueno
2025-05-22 12:00:00,POZA_3,162.8,6.43,31.69,7.76,120.11,1.216,7.67,1.1,5025.0,Bueno
2025-05-22 18:00:00,POZA_3,43.5,24.76,13.03,7.3,88.49,1.117,14.05,0.73,2107.54,Aceptable
2025-05-23 00:00:00,POZA_2,40.9,23.51,37.6,7.98,97.13,1.118,7.83,0.63,1925.97,Bajo
2025-05-23 06:00:00,POZA_5,163.3,8.85,37.95,7.16,120.29,1.239,9.79,0.54,4657.17,Bueno
2025-05-23 12:00:00,POZA_1,149.8,7.61,21.0,7.16,116.3,1.207,14.83,2.45,4449.59,Aceptable
2025-05-23 18:00:00,POZA_5,116.8,12.88,15.23,7.57,110.24,1.206,10.81,2.67,4031.41,Aceptable
2025-05-24 00:00:00,POZA_1,62.3,27.17,25.01,7.62,89.44,1.144,3.13,0.73,2802.01,Aceptable
2025-05-24 06:00:00,POZA_1,99.6,15.08,10.54,7.6,97.09,1.226,10.96,2.59,3610.83,Aceptable
2025-05-24 12:00:00,POZA_2,162.4,17.7,15.72,7.69,102.8,1.228,13.79,2.85,5045.65,Aceptable
2025-05-24 18:00:00,POZA_5,169.3,13.46,27.73,7.98,113.97,1.226,13.12,0.99,4832.04,Aceptable
2025-05-25 00:00:00,POZA_3,114.4,15.39,16.23,7.85,110.27,1.191,14.6,1.63,3851.98,Aceptable
2025-05-25 06:00:00,POZA_3,174.7,11.21,30.16,8.05,123.99,1.244,11.44,0.55,5225.18,Aceptable
2025-05-25 12:00:00,POZA_4,146.7,7.1,21.29,7.55,102.17,1.25,7.34,1.81,4685.87,Bueno
2025-05-25 18:00:00,POZA_5,139.3,6.69,15.83,7.84,104.49,1.205,11.22,2.27,4282.13,Aceptable
2025-05-26 00:00:00,POZA_3,111.9,11.56,15.8,8.43,103.74,1.176,3.63,0.59,3629.11,Bueno
2025-05-26 06:00:00,POZA_3,88.0,18.05,12.83,7.19,91.56,1.203,13.8,2.16,2994.91,Aceptable
2025-05-26 12:00:00,POZA_3,126.8,14.07,22.53,7.11,110.61,1.238,3.09,1.8,4468.49,Bueno
2025-05-26 18:00:00,POZA_5,115.4,6.5,38.35,8.01,115.85,1.195,5.88,1.67,3742.42,Bueno
2025-05-27 00:00:00,POZA_3,68.5,25.61,25.11,7.09,101.16,1.161,5.31,2.02,3130.58,Bueno
2025-05-27 06:00:00,POZA_3,108.9,16.09,38.43,7.08,112.38,1.212,13.7,2.33,3621.83,Aceptable
2025-05-27 12:00:00,POZA_3,178.8,17.68,22.8,7.97,117.12,1.25,4.69,1.61,5942.08,Óptimo
2025-05-27 18:00:00,POZA_5,79.4,25.16,30.53,8.32,96.72,1.173,3.72,2.72,3166.72,Bueno
2025-05-28 00:00:00,POZA_2,74.9,20.45,16.16,7.28,99.99,1.155,13.63,2.44,2662.69,Aceptable
2025-05-28 06:00:00,POZA_1,149.6,11.96,14.12,7.5,111.6,1.207,11.76,1.47,4717.28,Aceptable
2025-05-28 12:00:00,POZA_1,70.2,28.5,38.24,8.32,98.87,1.189,9.75,1.88,2823.41,Aceptable
2025-05-28 18:00:00,POZA_1,173.2,15.24,31.41,7.38,121.93,1.222,4.73,3.0,5548.03,Óptimo
2025-05-29 00:00:00,POZA_3,39.5,29.36,39.91,7.65,89.7,1.145,5.29,2.04,2156.04,Aceptable
2025-05-29 06:00:00,POZA_1,64.6,26.8,38.45,7.73,96.1,1.17,7.28,1.15,2836.0,Aceptable
2025-05-29 12:00:00,POZA_4,145.0,13.14,29.43,8.45,114.72,1.229,9.21,0.79,4634.69,Bueno
2025-05-29 18:00:00,POZA_1,49.0,24.54,28.68,7.02,103.59,1.14,14.41,1.46,1879.32,Bajo
2025-05-30 00:00:00,POZA_2,71.5,24.0,17.15,7.58,94.1,1.179,7.94,0.86,3011.28,Bueno
2025-05-30 06:00:00,POZA_1,147.1,9.32,12.54,8.21,112.61,1.226,13.25,2.21,4519.82,Aceptable
2025-05-30 12:00:00,POZA_5,156.8,11.16,16.99,8.27,122.01,1.222,5.54,2.48,5040.06,Óptimo
2025-05-30 18:00:00,POZA_2,166.2,15.36,12.4,7.54,121.44,1.23,4.39,1.32,5564.94,Óptimo
2025-05-31 00:00:00,POZA_4,41.3,28.24,36.65,7.69,83.3,1.11,12.66,2.92,1935.6,Bajo
2025-05-31 06:00:00,POZA_1,107.9,11.05,32.31,8.13,107.77,1.186,6.54,1.15,3435.97,Bueno
2025-05-31 12:00:00,POZA_5,137.0,8.58,32.65,8.43,109.68,1.199,5.21,1.94,4272.82,Bueno
2025-05-31 18:00:00,POZA_1,58.5,25.18,29.68,7.51,93.35,1.155,8.43,0.92,2839.29,Aceptable
2025-06-01 00:00:00,POZA_4,41.7,27.25,18.12,7.56,90.4,1.155,14.3,2.35,1998.25,Bajo
2025-06-01 06:00:00,POZA_3,105.3,9.35,31.57,7.43,99.65,1.173,5.13,2.24,3438.42,Bueno
2025-06-01 12:00:00,POZA_4,158.2,8.68,13.53,7.38,119.78,1.235,9.4,1.99,5101.13,Bueno
2025-06-01 18:00:00,POZA_1,61.8,17.29,17.75,8.23,104.05,1.155,5.34,0.72,2847.01,Aceptable
2025-06-02 00:00:00,POZA_2,67.2,21.75,21.14,7.75,98.14,1.144,7.88,1.71,2915.83,Aceptable
2025-06-02 06:00:00,POZA_1,145.1,9.44,32.3,7.66,109.38,1.225,14.16,2.87,4421.25,Aceptable
2025-06-02 12:00:00,POZA_5,166.0,10.16,23.49,8.13,117.73,1.238,13.74,1.17,5135.07,Aceptable
2025-06-02 18:00:00,POZA_2,164.8,13.25,35.77,7.13,119.93,1.229,5.14,1.1,5349.41,Óptimo
2025-06-03 00:00:00,POZA_4,108.2,15.72,20.77,8.21,112.4,1.215,6.67,0.68,3841.05,Bueno
2025-06-03 06:00:00,POZA_1,141.7,13.28,17.39,7.09,108.74,1.191,9.66,1.82,4678.79,Bueno
2025-06-03 12:00:00,POZA_3,65.0,23.4,30.82,7.02,98.36,1.125,9.52,0.68,2493.35,Aceptable
2025-06-03 18:00:00,POZA_1,150.5,5.47,18.52,7.72,110.24,1.208,10.32,1.46,4848.54,Aceptable
2025-06-04 00:00:00,POZA_1,115.7,10.7,19.08,7.69,112.67,1.237,13.84,0.75,3765.23,Aceptable
2025-06-04 06:00:00,POZA_3,95.8,16.29,10.38,7.23,99.65,1.16,8.62,1.98,3666.42,Bueno
2025-06-04 12:00:00,POZA_4,41.3,25.03,27.88,7.13,95.35,1.121,14.54,2.52,1810.22,Bajo
2025-06-04 18:00:00,POZA_1,30.6,24.73,14.65,8.0,85.92,1.108,13.66,1.6,1809.53,Bajo
2025-06-05 00:00:00,POZA_5,144.6,11.77,35.6,8.11,118.13,1.217,11.97,3.0,4502.5,Aceptable
2025-06-05 06:00:00,POZA_4,73.1,17.74,12.59,7.0,98.93,1.185,9.87,3.0,2858.99,Aceptable
2025-06-05 12:00:00,POZA_2,39.5,30.0,11.94,8.46,96.57,1.177,9.24,2.03,2533.97,Aceptable
2025-06-05 18:00:00,POZA_2,73.1,27.38,11.5,7.91,96.5,1.152,3.18,1.28,3327.88,Bueno
2025-06-06 00:00:00,POZA_1,38.2,24.83,25.09,7.47,77.49,1.144,14.26,2.51,1807.08,Bajo
2025-06-06 06:00:00,POZA_3,112.6,11.79,21.95,7.48,109.49,1.158,14.54,1.28,3511.06,Aceptable
2025-06-06 12:00:00,POZA_5,52.2,26.41,28.84,7.55,87.21,1.173,12.82,2.89,2211.54,Aceptable
2025-06-06 18:00:00,POZA_4,114.7,13.42,34.23,7.76,103.4,1.197,14.23,1.99,3414.22,Aceptable
2025-06-07 00:00:00,POZA_5,108.0,16.27,15.92,7.32,101.23,1.172,14.18,0.72,3800.42,Aceptable
2025-06-07 06:00:00,POZA_2,78.5,21.47,21.71,7.16,100.33,1.141,10.03,1.98,3177.93,Aceptable
2025-06-07 12:00:00,POZA_2,48.2,24.93,23.47,7.9,84.21,1.162,6.3,2.77,2203.37,Aceptable
2025-06-07 18:00:00,POZA_5,63.9,25.39,17.02,7.3,95.41,1.134,6.68,0.88,3101.27,Bueno
2025-06-08 00:00:00,POZA_4,105.5,15.7,20.21,8.28,99.82,1.161,5.29,2.42,3774.66,Bueno
2025-06-08 06:00:00,POZA_4,34.5,28.77,10.15,8.4,88.24,1.171,9.13,1.69,2115.47,Aceptable
2025-06-08 12:00:00,POZA_4,87.5,22.67,34.2,7.01,99.35,1.158,5.76,1.0,3121.73,Bueno
2025-06-08 18:00:00,POZA_3,124.3,13.56,20.69,7.41,111.43,1.194,13.84,0.67,4105.61,Aceptable
2025-06-09 00:00:00,POZA_3,169.1,9.46,32.65,8.01,125.18,1.222,12.75,2.67,4956.15,Aceptable
2025-06-09 06:00:00,POZA_5,61.5,30.0,11.19,7.6,99.38,1.178,10.66,1.3,2950.42,Aceptable
2025-06-09 12:00:00,POZA_4,106.7,12.91,27.08,7.57,103.35,1.173,10.12,1.84,3733.0,Aceptable
2025-06-09 18:00:00,POZA_4,40.9,27.77,14.41,8.07,87.3,1.14,4.12,1.67,2384.44,Aceptable
2025-06-10 00:00:00,POZA_4,84.0,26.57,31.08,8.43,100.91,1.122,14.44,2.11,3058.34,Aceptable
2025-06-10 06:00:00,POZA_4,49.0,24.75,29.81,7.71,95.99,1.149,3.73,1.53,2287.62,Aceptable
2025-06-10 12:00:00,POZA_2,95.4,19.8,33.14,7.06,103.87,1.183,14.22,2.59,2912.87,Aceptable
2025-06-10 18:00:00,POZA_1,100.9,14.73,35.64,8.2,108.3,1.211,4.92,2.74,3425.19,Bueno
2025-06-11 00:00:00,POZA_3,98.3,19.54,17.09,7.99,104.67,1.15,11.28,1.47,3302.05,Aceptable
2025-06-11 06:00:00,POZA_1,155.4,11.75,17.46,7.02,111.14,1.237,11.51,0.55,4643.43,Aceptable
2025-06-11 12:00:00,POZA_4,165.4,14.68,19.29,8.29,112.5,1.222,3.92,2.33,5589.89,Óptimo
2025-06-11 18:00:00,POZA_4,87.5,21.1,18.53,7.88,94.85,1.146,13.03,1.16,3444.56,Aceptable
2025-06-12 00:00:00,POZA_1,53.1,24.6,27.72,7.76,95.01,1.149,12.42,2.49,2165.63,Aceptable
2025-06-12 06:00:00,POZA_1,103.1,15.91,37.9,7.73,108.15,1.165,12.63,1.12,3335.95,Aceptable
2025-06-12 12:00:00,POZA_2,90.6,17.98,18.51,7.65,100.0,1.16,7.05,1.47,3783.43,Bueno
2025-06-12 18:00:00,POZA_1,53.2,24.4,22.97,7.93,86.21,1.144,5.19,1.93,2473.07,Aceptable
2025-06-13 00:00:00,POZA_3,113.5,10.69,32.95,7.65,111.31,1.238,3.22,2.13,3849.22,Bueno
2025-06-13 06:00:00,POZA_1,72.5,28.2,23.57,7.06,95.53,1.138,13.06,2.14,2619.9,Aceptable
2025-06-13 12:00:00,POZA_5,175.2,14.12,29.92,7.79,109.06,1.241,11.26,0.9,5223.87,Aceptable
2025-06-13 18:00:00,POZA_1,166.2,14.57,37.22,7.18,125.77,1.25,7.92,1.7,5200.16,Bueno
2025-06-14 00:00:00,POZA_5,101.8,17.6,37.35,7.83,99.17,1.217,3.06,2.79,3628.48,Bueno
2025-06-14 06:00:00,POZA_5,123.9,8.88,38.37,7.2,109.38,1.188,14.2,2.3,3783.39,Aceptable
2025-06-14 12:00:00,POZA_4,41.6,29.0,17.18,7.42,82.72,1.141,9.1,1.3,2451.05,Aceptable
2025-06-14 18:00:00,POZA_4,73.2,22.46,35.94,7.75,96.91,1.202,10.49,0.83,2609.39,Aceptable
2025-06-15 00:00:00,POZA_5,71.4,26.81,20.69,7.15,93.13,1.162,8.47,1.49,3059.23,Bueno
2025-06-15 06:00:00,POZA_2,65.0,28.77,33.14,7.34,92.22,1.157,7.56,1.75,2930.44,Aceptable
2025-06-15 12:00:00,POZA_2,167.2,13.68,32.73,8.21,114.9,1.233,5.69,1.66,5377.61,Óptimo
2025-06-15 18:00:00,POZA_4,140.1,12.69,12.48,8.37,112.76,1.215,8.26,2.4,4345.68,Bueno
2025-06-16 00:00:00,POZA_4,149.2,6.47,18.02,7.76,112.31,1.231,9.79,2.29,4484.67,Bueno
2025-06-16 06:00:00,POZA_3,31.7,26.29,23.16,7.81,87.27,1.129,9.83,1.36,2076.2,Aceptable
2025-06-16 12:00:00,POZA_2,31.4,23.15,26.32,7.51,86.6,1.173,13.43,2.15,1542.76,Bajo
2025-06-16 18:00:00,POZA_1,152.9,5.17,11.41,8.0,115.32,1.225,12.75,2.63,4640.23,Aceptable
2025-06-17 00:00:00,POZA_5,155.0,11.38,21.85,7.38,117.61,1.249,7.91,1.32,4880.75,Bueno
2025-06-17 06:00:00,POZA_2,58.7,24.45,20.65,7.48,81.02,1.151,3.28,1.58,2795.45,Aceptable
2025-06-17 12:00:00,POZA_1,129.0,15.2,39.78,7.99,106.7,1.209,12.9,2.64,4065.5,Aceptable
2025-06-17 18:00:00,POZA_4,172.3,15.35,12.34,7.16,122.06,1.219,14.74,0.9,5198.36,Aceptable
2025-06-18 00:00:00,POZA_1,82.4,16.8,21.21,8.0,102.81,1.166,11.57,1.7,2967.93,Aceptable
2025-06-18 06:00:00,POZA_4,34.7,25.41,19.1,7.54,90.29,1.131,8.31,2.87,1996.65,Bajo
2025-06-18 12:00:00,POZA_1,109.8,19.7,12.04,7.29,103.58,1.205,5.27,1.93,3951.8,Bueno
2025-06-18 18:00:00,POZA_1,58.3,29.32,20.49,7.64,93.12,1.179,12.33,1.89,2674.85,Aceptable
2025-06-19 00:00:00,POZA_3,32.0,25.68,15.28,8.08,84.46,1.107,6.24,2.14,2236.87,Aceptable
2025-06-19 06:00:00,POZA_1,157.4,5.0,24.8,7.87,113.18,1.25,4.19,2.01,5188.14,Óptimo
2025-06-19 12:00:00,POZA_2,69.5,22.6,17.53,8.03,90.2,1.158,12.34,2.6,2990.93,Aceptable
2025-06-19 18:00:00,POZA_4,133.1,8.35,39.28,7.43,108.18,1.248,3.3,2.53,4125.81,Bueno
2025-06-20 00:00:00,POZA_5,140.8,9.21,10.55,8.03,112.4,1.236,4.81,1.67,4521.79,Óptimo
2025-06-20 06:00:00,POZA_3,117.8,8.82,19.98,7.11,124.17,1.195,7.27,1.79,3924.59,Bueno
2025-06-20 12:00:00,POZA_5,102.8,10.15,15.45,7.13,104.92,1.168,11.28,1.48,3578.13,Aceptable
2025-06-20 18:00:00,POZA_2,52.3,29.78,32.03,7.08,104.6,1.15,5.59,0.96,2742.98,Aceptable
2025-06-21 00:00:00,POZA_3,61.6,23.12,18.39,7.19,90.19,1.139,4.61,2.11,2857.06,Aceptable
2025-06-21 06:00:00,POZA_5,156.4,9.03,35.01,7.29,117.29,1.228,11.12,1.74,4832.74,Aceptable
2025-06-21 12:00:00,POZA_1,179.8,11.29,16.76,7.39,128.32,1.205,13.97,1.42,5300.21,Aceptable
2025-06-21 18:00:00,POZA_2,87.5,21.13,28.43,7.5,104.48,1.174,7.78,1.74,3493.78,Bueno
2025-06-22 00:00:00,POZA_2,51.0,25.27,12.85,7.08,91.44,1.135,11.6,1.12,2413.04,Aceptable
2025-06-22 06:00:00,POZA_5,93.1,18.6,34.22,7.16,103.04,1.145,9.83,2.65,3095.4,Bueno
2025-06-22 12:00:00,POZA_2,40.9,24.63,30.06,7.81,91.52,1.137,14.36,1.54,1682.36,Bajo
2025-06-22 18:00:00,POZA_1,114.2,11.38,24.82,8.44,102.2,1.194,7.05,1.87,4140.86,Bueno
2025-06-23 00:00:00,POZA_1,148.0,9.72,25.17,7.84,110.22,1.207,10.35,1.96,4778.09,Aceptable
2025-06-23 06:00:00,POZA_4,126.1,9.97,13.58,7.34,107.0,1.23,11.42,2.47,4048.88,Aceptable
2025-06-23 12:00:00,POZA_1,154.0,9.11,36.25,8.16,118.44,1.25,14.54,1.65,4380.34,Aceptable
2025-06-23 18:00:00,POZA_1,67.9,25.75,38.37,7.61,99.38,1.148,10.57,1.62,2985.64,Aceptable
2025-06-24 00:00:00,POZA_3,111.4,14.9,34.65,7.04,97.34,1.164,6.51,1.48,4021.23,Bueno
2025-06-24 06:00:00,POZA_4,168.0,12.62,26.27,7.22,115.44,1.246,11.57,2.79,4862.35,Aceptable
2025-06-24 12:00:00,POZA_1,140.1,14.25,30.28,8.06,107.0,1.169,5.66,2.56,4566.17,Óptimo
2025-06-24 18:00:00,POZA_2,41.1,27.15,31.75,8.34,87.17,1.114,9.96,2.76,2119.75,Aceptable
2025-06-25 00:00:00,POZA_3,156.1,12.25,36.43,8.21,117.48,1.198,13.66,2.6,4685.32,Aceptable
2025-06-25 06:00:00,POZA_1,35.9,24.02,37.79,8.44,88.7,1.141,4.11,2.32,1879.64,Bajo
2025-06-25 12:00:00,POZA_3,107.0,17.07,23.21,8.35,105.31,1.188,10.24,1.31,3933.55,Aceptable
2025-06-25 18:00:00,POZA_4,155.7,13.73,39.23,7.07,115.28,1.206,12.07,2.1,4553.79,Aceptable
2025-06-26 00:00:00,POZA_5,102.5,18.98,10.6,8.34,106.29,1.212,12.7,0.97,3625.75,Aceptable
2025-06-26 06:00:00,POZA_5,130.4,17.13,11.15,7.93,107.2,1.209,7.29,1.19,4750.02,Bueno
2025-06-26 12:00:00,POZA_1,133.9,9.16,33.09,7.84,114.03,1.213,9.21,1.94,4377.62,Bueno
2025-06-26 18:00:00,POZA_1,174.7,14.6,28.45,7.72,122.44,1.249,11.97,1.28,5222.02,Aceptable
2025-06-27 00:00:00,POZA_1,115.4,10.88,36.47,7.87,107.79,1.194,13.14,2.74,3361.24,Aceptable
2025-06-27 06:00:00,POZA_5,71.6,19.47,11.47,7.05,102.59,1.191,9.45,2.6,2975.36,Aceptable
2025-06-27 12:00:00,POZA_3,79.0,16.8,27.46,7.08,95.14,1.175,4.71,2.1,2989.5,Aceptable
2025-06-27 18:00:00,POZA_4,113.1,14.49,14.19,7.14,106.36,1.208,9.51,1.82,3882.29,Bueno
2025-06-28 00:00:00,POZA_4,173.9,9.56,36.24,7.85,112.97,1.25,9.96,0.91,5197.26,Bueno
2025-06-28 06:00:00,POZA_1,54.6,23.07,23.9,7.9,97.45,1.156,6.63,2.16,2486.6,Aceptable
2025-06-28 12:00:00,POZA_5,96.9,25.43,30.09,8.44,105.57,1.205,3.17,0.7,4025.4,Bueno
2025-06-28 18:00:00,POZA_5,88.7,22.31,28.74,7.42,106.08,1.157,11.63,1.76,3149.13,Aceptable
2025-06-29 00:00:00,POZA_4,158.7,12.66,16.89,8.12,114.18,1.25,8.25,2.83,5152.49,Bueno
2025-06-29 06:00:00,POZA_3,161.9,5.38,37.73,7.04,115.24,1.25,5.63,1.57,5335.85,Óptimo
2025-06-29 12:00:00,POZA_2,170.1,12.09,35.67,8.02,115.97,1.23,12.61,1.63,4875.73,Aceptable
2025-06-29 18:00:00,POZA_4,77.3,24.46,17.71,7.03,99.42,1.161,5.76,1.79,3144.15,Bueno
2025-06-30 00:00:00,POZA_4,123.7,9.64,28.93,8.43,108.5,1.239,9.68,2.64,3997.9,Bueno
2025-06-30 06:00:00,POZA_1,171.6,15.87,12.85,7.3,108.52,1.216,13.52,0.9,5150.83,Aceptable
2025-06-30 12:00:00,POZA_2,61.1,17.76,17.1,8.09,89.57,1.159,13.11,1.07,2285.78,Aceptable
2025-06-30 18:00:00,POZA_3,47.8,28.94,18.87,7.74,93.96,1.104,5.78,0.84,2356.78,Aceptable
2025-07-01 00:00:00,POZA_3,91.4,13.12,21.24,7.27,107.51,1.182,6.57,2.0,3419.69,Bueno
2025-07-01 06:00:00,POZA_2,142.4,13.09,36.14,7.02,103.69,1.189,7.66,1.54,4476.96,Bueno
2025-07-01 12:00:00,POZA_1,98.6,19.8,13.14,8.23,102.54,1.173,6.8,1.5,3563.43,Bueno
2025-07-01 18:00:00,POZA_2,105.5,14.26,24.72,8.27,110.3,1.186,6.09,2.71,4061.5,Bueno
2025-07-02 00:00:00,POZA_3,78.7,24.07,24.36,7.07,101.29,1.143,12.73,0.72,2781.9,Aceptable
2025-07-02 06:00:00,POZA_1,130.4,9.1,30.39,7.91,117.15,1.203,8.67,2.11,4415.4,Bueno
2025-07-02 12:00:00,POZA_5,95.4,14.25,29.0,7.16,95.55,1.164,4.14,2.32,3501.29,Bueno
2025-07-02 18:00:00,POZA_1,176.6,14.73,13.39,7.53,116.61,1.249,10.77,1.02,5385.12,Aceptable
2025-07-03 00:00:00,POZA_2,87.2,20.89,31.87,8.4,94.44,1.176,3.69,2.73,3223.95,Bueno
2025-07-03 06:00:00,POZA_5,162.0,13.25,17.84,8.47,123.3,1.248,5.81,0.71,5333.82,Óptimo
2025-07-03 12:00:00,POZA_5,54.2,25.89,14.61,8.38,96.61,1.161,11.51,1.0,2611.94,Aceptable
2025-07-03 18:00:00,POZA_5,143.1,5.0,24.48,7.48,109.22,1.209,10.92,0.84,4497.82,Aceptable
2025-07-04 00:00:00,POZA_2,71.1,21.41,18.19,7.31,94.05,1.177,4.25,2.3,3031.81,Bueno
2025-07-04 06:00:00,POZA_4,81.8,19.28,34.63,7.14,97.47,1.16,11.07,2.61,2921.71,Aceptable
2025-07-04 12:00:00,POZA_4,63.2,28.18,24.2,7.93,97.62,1.172,8.97,2.6,2738.94,Aceptable
2025-07-04 18:00:00,POZA_3,118.4,17.16,16.41,7.02,104.78,1.211,3.71,2.03,4298.28,Bueno
2025-07-05 00:00:00,POZA_2,66.8,24.87,12.97,7.41,93.67,1.148,14.68,2.95,2718.54,Aceptable
2025-07-05 06:00:00,POZA_4,36.1,24.17,13.02,8.06,97.07,1.15,7.77,1.34,2293.32,Aceptable
2025-07-05 12:00:00,POZA_1,126.4,13.54,13.68,7.65,106.04,1.218,4.84,0.52,4384.92,Bueno
2025-07-05 18:00:00,POZA_4,153.0,8.6,13.9,8.07,110.28,1.223,6.39,1.89,4900.82,Bueno
2025-07-06 00:00:00,POZA_1,117.8,11.61,19.41,7.21,94.67,1.193,11.2,2.15,3774.74,Aceptable
2025-07-06 06:00:00,POZA_3,92.4,17.22,17.19,7.56,103.29,1.184,4.61,1.3,3349.58,Bueno
2025-07-06 12:00:00,POZA_5,42.5,25.13,27.54,8.22,82.75,1.11,8.94,2.36,2194.54,Aceptable
2025-07-06 18:00:00,POZA_1,132.7,11.21,10.54,7.72,107.57,1.234,6.75,2.57,4363.96,Bueno
2025-07-07 00:00:00,POZA_5,149.1,8.01,17.87,8.26,111.58,1.225,9.81,1.9,4594.81,Bueno
2025-07-07 06:00:00,POZA_2,148.6,9.02,28.47,8.04,109.12,1.243,7.99,1.51,4647.7,Bueno
2025-07-07 12:00:00,POZA_3,86.1,21.62,19.63,7.38,97.99,1.198,4.24,2.86,3428.47,Bueno
2025-07-07 18:00:00,POZA_3,57.2,23.11,22.07,8.17,100.21,1.135,7.52,1.41,2266.93,Aceptable
2025-07-08 00:00:00,POZA_1,46.2,22.62,17.21,7.99,93.09,1.131,3.68,2.67,2392.69,Aceptable
2025-07-08 06:00:00,POZA_1,30.3,22.76,39.73,7.79,80.92,1.113,6.96,0.55,1646.29,Bajo
2025-07-08 12:00:00,POZA_3,134.3,9.29,20.52,8.14,107.66,1.246,9.8,2.21,4391.58,Bueno
2025-07-08 18:00:00,POZA_5,91.1,18.33,29.92,7.38,103.24,1.159,5.09,2.4,3358.57,Bueno
2025-07-09 00:00:00,POZA_1,164.7,9.94,13.18,8.03,123.47,1.227,7.1,0.92,5211.35,Bueno
2025-07-09 06:00:00,POZA_5,83.9,21.41,25.75,7.3,93.67,1.198,10.09,0.74,3090.95,Aceptable
2025-07-09 12:00:00,POZA_5,135.4,11.78,14.58,8.07,116.21,1.178,11.03,1.04,4238.99,Aceptable
2025-07-09 18:00:00,POZA_1,36.1,29.34,34.09,8.07,85.59,1.117,14.95,0.76,1599.52,Bajo
2025-07-10 00:00:00,POZA_2,177.2,18.85,12.57,7.28,121.82,1.223,10.34,2.24,5786.18,Aceptable
2025-07-10 06:00:00,POZA_5,46.2,26.43,25.62,8.11,86.75,1.1,7.78,0.57,2403.68,Aceptable
2025-07-10 12:00:00,POZA_4,63.9,26.4,13.83,8.35,97.01,1.167,8.37,1.59,2932.17,Aceptable
2025-07-10 18:00:00,POZA_1,40.6,27.55,35.24,7.93,85.73,1.129,12.94,2.47,1873.33,Bajo
2025-07-11 00:00:00,POZA_2,107.1,13.2,27.59,8.15,102.07,1.199,14.83,2.1,3524.3,Aceptable
2025-07-11 06:00:00,POZA_1,120.8,7.08,36.01,8.12,102.75,1.2,4.57,2.24,4131.75,Bueno
2025-07-11 12:00:00,POZA_3,96.2,17.16,32.33,7.93,106.93,1.174,12.43,1.66,3434.91,Aceptable
2025-07-11 18:00:00,POZA_3,80.3,25.57,14.91,7.19,107.29,1.179,4.18,1.59,3483.52,Bueno
2025-07-12 00:00:00,POZA_1,155.1,15.63,35.0,7.52,114.16,1.228,9.33,3.0,4944.93,Bueno
2025-07-12 06:00:00,POZA_1,84.3,23.55,39.04,8.29,105.35,1.156,8.71,2.22,3128.9,Bueno
2025-07-12 12:00:00,POZA_3,141.5,5.0,15.12,7.34,118.09,1.183,9.18,0.93,4783.77,Bueno
2025-07-12 18:00:00,POZA_3,40.0,26.48,30.12,8.05,95.1,1.128,14.47,2.42,1549.12,Bajo
2025-07-13 00:00:00,POZA_5,141.9,5.0,18.26,8.21,116.63,1.189,13.2,2.62,4111.7,Aceptable
2025-07-13 06:00:00,POZA_4,61.4,17.98,23.45,8.47,94.61,1.138,4.6,0.62,2428.23,Aceptable
2025-07-13 12:00:00,POZA_3,77.7,23.72,21.35,7.71,93.79,1.18,8.03,2.46,3150.41,Bueno
2025-07-13 18:00:00,POZA_5,134.7,5.0,15.76,7.5,109.46,1.23,3.86,2.37,4634.92,Óptimo
2025-07-14 00:00:00,POZA_5,128.1,7.04,30.67,7.85,106.84,1.22,4.38,2.24,4358.99,Bueno
2025-07-14 06:00:00,POZA_3,171.7,14.89,21.46,8.44,113.44,1.248,13.82,1.18,5117.07,Aceptable
2025-07-14 12:00:00,POZA_2,173.0,13.14,28.34,8.45,115.29,1.249,11.13,1.81,5282.86,Aceptable
2025-07-14 18:00:00,POZA_4,128.0,11.21,37.96,8.08,108.03,1.201,9.17,1.08,4092.56,Bueno
2025-07-15 00:00:00,POZA_1,43.0,26.19,38.23,8.3,89.88,1.116,8.12,0.85,1974.74,Bajo
2025-07-15 06:00:00,POZA_5,77.4,16.99,18.42,8.46,93.73,1.174,3.0,1.99,3038.93,Bueno
2025-07-15 12:00:00,POZA_5,168.4,12.67,35.72,7.07,122.45,1.235,8.8,1.16,5011.86,Bueno
2025-07-15 18:00:00,POZA_5,54.4,30.0,29.84,7.16,91.82,1.184,9.36,1.48,2496.11,Aceptable
2025-07-16 00:00:00,POZA_3,125.3,15.43,26.24,7.49,109.26,1.225,10.03,2.19,4081.88,Aceptable
2025-07-16 06:00:00,POZA_2,119.2,15.18,34.08,8.27,103.8,1.197,3.79,0.92,4138.19,Bueno
2025-07-16 12:00:00,POZA_2,131.9,10.83,33.16,8.24,105.92,1.226,8.82,1.86,4246.27,Bueno
2025-07-16 18:00:00,POZA_3,103.2,12.62,38.58,7.67,99.78,1.177,6.37,3.0,3454.77,Bueno
2025-07-17 00:00:00,POZA_2,79.3,17.99,16.47,7.24,102.57,1.153,3.22,2.51,3185.82,Bueno
2025-07-17 06:00:00,POZA_5,144.4,16.23,35.42,7.01,112.88,1.237,11.88,1.86,4410.07,Aceptable
2025-07-17 12:00:00,POZA_3,39.9,22.05,10.04,7.75,80.37,1.147,13.55,1.72,2022.97,Aceptable
2025-07-17 18:00:00,POZA_5,67.5,26.84,22.54,8.37,96.62,1.18,3.24,2.01,3020.15,Bueno
2025-07-18 00:00:00,POZA_3,81.8,19.83,24.02,7.36,90.19,1.17,14.74,2.53,2931.94,Aceptable
2025-07-18 06:00:00,POZA_5,172.1,16.87,20.74,7.57,118.3,1.25,9.64,1.74,5052.23,Bueno
2025-07-18 12:00:00,POZA_4,169.1,8.12,29.54,8.15,125.66,1.241,4.35,1.6,5407.32,Óptimo
2025-07-18 18:00:00,POZA_2,110.6,12.45,36.41,7.65,102.55,1.183,8.98,1.89,3628.91,Bueno
2025-07-19 00:00:00,POZA_2,32.0,26.44,10.76,7.1,81.97,1.128,9.55,0.59,1784.15,Bajo
2025-07-19 06:00:00,POZA_5,119.1,11.18,37.13,8.5,101.09,1.231,8.0,2.12,3731.82,Bueno
2025-07-19 12:00:00,POZA_1,120.9,10.46,33.72,7.02,106.98,1.189,13.96,1.54,3641.67,Aceptable
2025-07-19 18:00:00,POZA_5,169.2,11.66,17.12,7.39,122.36,1.25,9.04,0.67,5322.31,Bueno
2025-07-20 00:00:00,POZA_1,150.9,13.32,22.8,8.33,107.28,1.228,11.3,2.71,4826.97,Aceptable
2025-07-20 06:00:00,POZA_2,153.5,14.12,31.8,8.41,119.38,1.236,10.99,1.03,4904.82,Aceptable
2025-07-20 12:00:00,POZA_5,72.6,24.93,17.56,7.68,92.47,1.164,7.69,0.7,3070.02,Bueno
2025-07-20 18:00:00,POZA_3,118.6,7.76,22.96,7.08,115.39,1.219,4.79,0.76,4608.68,Óptimo
2025-07-21 00:00:00,POZA_1,169.7,16.35,15.91,8.17,121.96,1.233,5.56,1.46,5720.95,Óptimo
2025-07-21 06:00:00,POZA_5,92.6,16.82,34.18,7.38,102.23,1.188,3.84,0.57,3213.03,Bueno
2025-07-21 12:00:00,POZA_1,89.8,17.6,17.9,7.83,96.4,1.187,4.52,2.93,3429.03,Bueno
2025-07-21 18:00:00,POZA_2,71.8,21.45,34.36,7.48,102.02,1.155,8.43,0.54,2679.96,Aceptable
2025-07-22 00:00:00,POZA_2,139.8,10.78,36.87,7.09,107.92,1.225,8.25,1.51,4301.18,Bueno
2025-07-22 06:00:00,POZA_4,105.1,11.5,32.93,7.74,103.05,1.169,9.63,2.38,3408.98,Bueno
2025-07-22 12:00:00,POZA_4,92.2,17.79,22.06,8.27,98.91,1.203,11.51,1.97,3045.5,Aceptable
2025-07-22 18:00:00,POZA_1,77.1,17.62,28.82,7.45,95.93,1.159,7.63,1.84,2834.36,Aceptable
2025-07-23 00:00:00,POZA_5,117.5,12.94,10.25,8.17,103.58,1.173,6.51,2.5,4302.7,Bueno
2025-07-23 06:00:00,POZA_5,37.4,28.93,17.26,8.31,89.47,1.135,8.27,0.61,2300.85,Aceptable
2025-07-23 12:00:00,POZA_2,108.8,10.76,37.61,7.66,104.13,1.173,8.45,1.1,3641.62,Bueno
2025-07-23 18:00:00,POZA_5,159.2,9.21,26.97,7.97,123.91,1.246,4.61,2.18,5052.37,Óptimo
2025-07-24 00:00:00,POZA_1,167.5,9.34,33.8,8.37,118.24,1.248,14.2,2.85,4733.19,Aceptable
2025-07-24 06:00:00,POZA_4,77.9,23.9,31.75,8.05,102.13,1.152,6.27,2.58,3104.08,Bueno
2025-07-24 12:00:00,POZA_4,31.5,23.69,27.36,7.11,82.79,1.123,13.95,2.45,1659.22,Bajo
2025-07-24 18:00:00,POZA_2,84.5,23.78,30.62,7.17,99.24,1.166,5.35,0.57,3188.96,Bueno
2025-07-25 00:00:00,POZA_1,32.9,24.38,39.24,7.91,88.47,1.117,13.35,2.6,1622.77,Bajo
2025-07-25 06:00:00,POZA_2,154.2,11.65,27.81,7.25,108.63,1.201,5.06,2.17,4868.53,Óptimo
2025-07-25 12:00:00,POZA_4,126.5,6.24,23.87,7.59,103.46,1.221,12.38,2.83,3790.58,Aceptable
2025-07-25 18:00:00,POZA_2,113.5,11.09,15.1,8.14,97.53,1.203,3.32,1.9,4047.44,Bueno
2025-07-26 00:00:00,POZA_1,81.1,19.54,29.15,7.98,100.87,1.171,5.24,1.56,3433.55,Bueno
2025-07-26 06:00:00,POZA_5,131.8,5.8,17.96,7.25,117.08,1.23,11.25,1.43,4365.5,Aceptable
2025-07-26 12:00:00,POZA_1,143.2,13.89,26.6,7.02,118.81,1.201,14.31,2.54,4542.91,Aceptable
2025-07-26 18:00:00,POZA_2,98.8,20.94,26.76,7.94,107.43,1.172,9.75,0.62,3725.51,Bueno
2025-07-27 00:00:00,POZA_1,108.8,12.84,28.9,7.51,112.56,1.204,8.98,1.95,3434.41,Bueno
2025-07-27 06:00:00,POZA_5,42.6,22.13,36.15,7.73,93.86,1.139,7.58,1.91,1842.8,Bajo
2025-07-27 12:00:00,POZA_4,36.2,22.61,26.81,7.03,83.96,1.1,9.93,2.26,1967.05,Bajo
2025-07-27 18:00:00,POZA_4,61.8,23.76,39.28,7.39,89.52,1.142,7.77,1.93,2581.75,Aceptable
2025-07-28 00:00:00,POZA_3,178.8,14.82,13.35,8.26,122.04,1.25,11.53,1.24,5483.73,Aceptable
2025-07-28 06:00:00,POZA_1,168.4,14.26,21.78,7.76,120.05,1.207,9.06,0.58,5255.33,Bueno
2025-07-28 12:00:00,POZA_1,158.6,11.61,13.21,7.99,106.56,1.242,9.28,0.61,5143.79,Bueno
2025-07-28 18:00:00,POZA_3,60.7,24.04,19.92,8.13,83.13,1.133,7.79,2.95,2609.12,Aceptable
2025-07-29 00:00:00,POZA_4,121.8,9.41,24.64,8.05,106.49,1.223,6.47,0.72,4126.58,Bueno
2025-07-29 06:00:00,POZA_1,145.7,6.4,13.74,7.28,112.79,1.233,12.6,1.58,4440.7,Aceptable
2025-07-29 12:00:00,POZA_4,137.6,10.19,26.2,7.69,114.01,1.209,10.23,2.96,4001.19,Aceptable
2025-07-29 18:00:00,POZA_4,67.6,20.15,36.41,8.44,85.39,1.163,10.02,2.22,2654.16,Aceptable
2025-07-30 00:00:00,POZA_3,67.5,29.98,30.38,7.38,96.78,1.183,8.7,2.48,2913.68,Aceptable
2025-07-30 06:00:00,POZA_5,122.6,7.64,38.85,7.77,105.21,1.19,7.26,1.52,4189.21,Bueno
2025-07-30 12:00:00,POZA_1,155.1,9.02,29.03,8.23,117.19,1.201,10.87,1.03,4878.92,Aceptable
2025-07-30 18:00:00,POZA_3,128.9,13.1,29.14,8.15,107.68,1.216,12.85,2.63,3950.96,Aceptable
2025-07-31 00:00:00,POZA_3,82.3,19.92,23.15,7.05,95.16,1.18,10.22,1.87,3266.73,Aceptable
2025-07-31 06:00:00,POZA_1,170.2,12.05,15.44,8.01,115.7,1.246,5.72,1.28,5491.43,Óptimo
2025-07-31 12:00:00,POZA_2,152.1,12.67,38.37,7.66,122.91,1.215,14.19,0.69,4848.2,Aceptable
2025-07-31 18:00:00,POZA_5,135.1,9.6,17.25,7.83,113.32,1.238,6.82,1.63,4770.19,Bueno
2025-08-01 00:00:00,POZA_3,125.2,5.0,18.74,8.23,111.38,1.206,9.25,1.62,3599.78,Bueno
2025-08-01 06:00:00,POZA_4,140.5,6.84,37.84,7.68,110.89,1.202,3.23,0.75,4685.83,Óptimo
2025-08-01 12:00:00,POZA_5,49.0,25.27,35.23,7.77,90.67,1.133,8.38,0.97,2228.15,Aceptable
2025-08-01 18:00:00,POZA_3,59.9,24.82,29.01,7.37,92.99,1.17,6.93,1.11,2593.93,Aceptable
2025-08-02 00:00:00,POZA_5,178.4,12.7,33.17,7.65,115.35,1.229,12.18,2.47,5149.73,Aceptable
2025-08-02 06:00:00,POZA_4,173.6,10.99,30.32,8.14,115.12,1.218,14.96,2.73,5088.02,Aceptable
2025-08-02 12:00:00,POZA_5,171.4,12.33,35.39,8.1,119.32,1.25,7.85,1.05,5349.41,Bueno
2025-08-02 18:00:00,POZA_1,175.4,22.02,23.34,8.0,113.48,1.245,9.49,0.72,5530.91,Bueno
2025-08-03 00:00:00,POZA_3,69.8,27.46,25.15,8.12,95.42,1.15,11.78,0.91,2696.85,Aceptable
2025-08-03 06:00:00,POZA_5,70.3,27.65,26.65,8.36,90.94,1.155,12.43,2.87,3081.41,Aceptable
2025-08-03 12:00:00,POZA_1,138.8,10.95,28.49,7.64,109.69,1.2,7.05,2.52,4586.8,Bueno
2025-08-03 18:00:00,POZA_3,96.2,15.13,16.34,7.95,108.87,1.22,9.5,2.61,3387.48,Bueno
2025-08-04 00:00:00,POZA_2,38.7,26.81,35.69,7.17,93.12,1.149,5.42,0.7,2148.33,Aceptable
2025-08-04 06:00:00,POZA_4,107.0,10.99,32.05,7.28,105.43,1.192,11.51,0.63,3309.8,Aceptable
2025-08-04 12:00:00,POZA_2,105.8,19.17,33.74,7.87,104.22,1.176,3.6,2.68,3860.18,Bueno
2025-08-04 18:00:00,POZA_3,114.6,14.81,11.7,7.04,106.58,1.211,3.56,2.7,4337.25,Bueno
2025-08-05 00:00:00,POZA_1,129.7,8.94,27.4,8.08,107.8,1.213,6.44,2.41,4154.22,Bueno
2025-08-05 06:00:00,POZA_1,49.4,18.77,15.41,8.26,94.02,1.136,10.16,0.72,2283.35,Aceptable
2025-08-05 12:00:00,POZA_2,37.9,25.16,36.9,7.96,86.66,1.121,13.01,0.52,1833.41,Bajo
2025-08-05 18:00:00,POZA_3,117.4,14.11,33.32,7.43,105.48,1.193,12.94,2.56,3829.15,Aceptable
2025-08-06 00:00:00,POZA_4,135.2,7.1,18.89,8.09,104.75,1.196,4.25,1.09,4564.6,Óptimo
2025-08-06 06:00:00,POZA_4,32.1,28.8,14.04,7.23,97.33,1.132,6.4,1.59,2258.41,Aceptable
2025-08-06 12:00:00,POZA_2,40.9,28.75,19.15,8.49,91.68,1.138,8.38,1.62,2200.68,Aceptable
2025-08-06 18:00:00,POZA_5,152.0,10.57,20.8,7.7,118.24,1.241,5.48,2.8,4994.76,Óptimo
2025-08-07 00:00:00,POZA_1,176.8,13.89,13.18,7.17,122.41,1.25,12.65,2.75,5128.95,Aceptable
2025-08-07 06:00:00,POZA_1,30.4,25.2,29.13,7.44,72.62,1.109,12.98,1.93,1675.35,Bajo
2025-08-07 12:00:00,POZA_2,104.3,17.04,16.44,7.77,102.74,1.195,14.15,1.44,3715.25,Aceptable
2025-08-07 18:00:00,POZA_5,35.9,23.48,38.76,7.21,88.64,1.148,5.62,1.11,1958.26,Bajo
2025-08-08 00:00:00,POZA_4,138.0,5.0,19.67,7.92,114.03,1.219,3.9,1.65,4609.07,Óptimo
2025-08-08 06:00:00,POZA_3,176.8,13.58,31.88,8.45,113.98,1.238,5.71,0.55,5461.89,Óptimo
2025-08-08 12:00:00,POZA_2,125.1,7.39,20.38,7.52,109.67,1.163,4.29,0.86,4182.94,Bueno
2025-08-08 18:00:00,POZA_1,100.5,20.51,34.8,7.16,108.92,1.222,10.04,2.58,3476.8,Aceptable
2025-08-09 00:00:00,POZA_3,133.6,5.0,20.21,7.93,112.88,1.211,12.9,1.51,4230.84,Aceptable
2025-08-09 06:00:00,POZA_3,53.4,27.77,20.57,8.07,86.79,1.135,4.88,2.88,2540.69,Aceptable
2025-08-09 12:00:00,POZA_1,51.7,24.37,22.2,7.53,93.93,1.144,4.53,2.35,2791.7,Aceptable
2025-08-09 18:00:00,POZA_2,136.2,14.56,16.84,7.74,110.78,1.235,3.27,1.11,4586.43,Óptimo
2025-08-10 00:00:00,POZA_4,158.9,5.0,23.48,8.46,111.25,1.242,6.49,0.91,5121.12,Bueno
2025-08-10 06:00:00,POZA_5,96.3,16.92,32.25,7.58,98.02,1.199,13.47,0.62,2905.67,Aceptable
2025-08-10 12:00:00,POZA_2,173.5,15.59,18.85,8.37,122.88,1.25,14.02,2.01,5111.57,Aceptable
2025-08-10 18:00:00,POZA_5,148.8,11.96,12.8,7.76,107.81,1.218,13.0,2.97,4385.15,Aceptable
2025-08-11 00:00:00,POZA_2,60.1,22.86,17.48,7.34,90.83,1.205,14.34,0.99,2522.53,Aceptable
2025-08-11 06:00:00,POZA_1,169.6,11.3,36.11,7.54,110.06,1.223,3.68,1.53,5321.86,Óptimo
2025-08-11 12:00:00,POZA_3,135.9,9.43,30.94,7.58,117.59,1.207,9.96,2.87,4072.8,Bueno
2025-08-11 18:00:00,POZA_3,106.1,15.22,10.72,7.47,93.24,1.193,8.41,1.21,3984.24,Bueno
2025-08-12 00:00:00,POZA_3,31.5,23.27,29.79,7.48,85.4,1.112,13.8,1.81,1687.56,Bajo
2025-08-12 06:00:00,POZA_1,109.8,15.75,16.45,8.07,107.54,1.18,5.07,0.51,4174.76,Bueno
2025-08-12 12:00:00,POZA_3,159.8,8.0,16.54,7.97,115.5,1.211,8.75,0.54,4988.95,Bueno
2025-08-12 18:00:00,POZA_1,70.8,25.24,33.1,7.69,91.7,1.179,4.66,2.92,3086.2,Bueno
2025-08-13 00:00:00,POZA_3,116.3,12.26,18.05,8.26,100.43,1.215,8.14,2.32,3878.15,Bueno
2025-08-13 06:00:00,POZA_5,32.8,28.19,10.28,7.05,80.23,1.136,6.18,2.22,2332.0,Aceptable
2025-08-13 12:00:00,POZA_1,169.7,14.59,20.25,8.17,122.7,1.247,5.97,0.7,5507.52,Óptimo
2025-08-13 18:00:00,POZA_3,59.6,27.58,14.41,8.46,93.92,1.161,12.13,2.97,2370.57,Aceptable
2025-08-14 00:00:00,POZA_4,101.5,14.4,15.56,8.02,106.51,1.21,6.08,0.59,4226.1,Bueno
2025-08-14 06:00:00,POZA_1,122.3,7.7,30.87,8.41,99.1,1.233,4.07,1.03,4095.19,Bueno
2025-08-14 12:00:00,POZA_3,33.0,25.48,10.45,7.4,78.97,1.182,14.11,2.11,1849.75,Bajo
2025-08-14 18:00:00,POZA_4,169.6,11.38,13.93,8.01,120.68,1.25,11.87,2.06,5229.03,Aceptable
2025-08-15 00:00:00,POZA_2,32.4,27.52,10.96,7.12,81.05,1.141,12.18,0.56,1847.74,Bajo
2025-08-15 06:00:00,POZA_4,84.7,24.41,32.54,8.02,91.81,1.17,12.5,1.69,2788.98,Aceptable
2025-08-15 12:00:00,POZA_2,89.7,21.72,28.11,8.37,95.13,1.163,4.42,2.99,3597.93,Bueno
2025-08-15 18:00:00,POZA_1,91.3,20.38,33.7,8.22,105.07,1.18,3.08,0.61,3360.15,Bueno
2025-08-16 00:00:00,POZA_5,175.9,15.07,35.89,7.72,115.91,1.249,6.98,0.89,5351.67,Bueno
2025-08-16 06:00:00,POZA_3,85.0,26.2,39.35,8.09,102.34,1.143,3.41,1.22,3523.87,Bueno
2025-08-16 12:00:00,POZA_2,72.9,18.05,16.3,7.9,96.81,1.189,9.66,1.56,2780.67,Aceptable
2025-08-16 18:00:00,POZA_3,114.4,10.43,18.37,7.27,112.53,1.166,5.4,2.98,4038.09,Bueno
2025-08-17 00:00:00,POZA_1,137.8,8.57,31.53,8.02,112.05,1.214,4.79,1.9,4448.36,Bueno
2025-08-17 06:00:00,POZA_4,81.5,24.7,21.1,7.03,107.4,1.175,8.66,0.87,3184.49,Bueno
2025-08-17 12:00:00,POZA_4,61.8,24.87,18.33,8.3,91.49,1.183,9.38,0.73,2931.63,Aceptable
2025-08-17 18:00:00,POZA_5,127.1,14.05,19.34,7.85,111.8,1.203,12.44,2.05,4141.0,Aceptable
2025-08-18 00:00:00,POZA_2,131.6,9.97,14.04,8.37,104.99,1.25,14.14,1.83,3896.68,Aceptable
2025-08-18 06:00:00,POZA_2,67.7,22.81,32.25,8.14,89.96,1.133,10.06,1.93,2774.57,Aceptable
2025-08-18 12:00:00,POZA_2,112.5,21.9,31.47,7.16,103.23,1.182,3.8,2.94,4050.55,Bueno
2025-08-18 18:00:00,POZA_4,169.9,15.31,24.1,7.58,120.13,1.25,4.49,1.95,5247.02,Óptimo
2025-08-19 00:00:00,POZA_1,95.8,17.95,16.6,7.72,103.88,1.156,3.96,1.96,3841.96,Bueno
2025-08-19 06:00:00,POZA_4,100.7,15.74,35.73,8.35,103.17,1.181,5.61,1.43,3697.66,Bueno
2025-08-19 12:00:00,POZA_4,57.0,26.12,38.0,7.48,94.18,1.144,3.65,2.41,2687.24,Aceptable
2025-08-19 18:00:00,POZA_3,119.7,10.46,28.74,7.63,106.54,1.16,14.59,2.01,3881.22,Aceptable
2025-08-20 00:00:00,POZA_2,34.3,23.21,37.37,8.34,89.96,1.155,3.06,2.96,2142.84,Aceptable
2025-08-20 06:00:00,POZA_3,164.3,8.45,36.81,7.44,122.95,1.219,14.06,0.85,4760.88,Aceptable
2025-08-20 12:00:00,POZA_3,74.9,21.1,13.5,7.55,108.01,1.164,13.71,2.71,2791.89,Aceptable
2025-08-20 18:00:00,POZA_4,165.6,14.53,24.31,7.67,104.31,1.241,6.8,1.15,5500.36,Bueno
2025-08-21 00:00:00,POZA_5,48.2,30.0,23.58,7.36,94.87,1.147,13.8,2.55,2248.07,Aceptable
2025-08-21 06:00:00,POZA_2,151.1,6.17,39.49,7.41,118.47,1.221,3.68,2.95,4492.85,Bueno
2025-08-21 12:00:00,POZA_4,33.2,29.06,33.01,7.62,82.85,1.128,3.76,0.77,2063.35,Aceptable
2025-08-21 18:00:00,POZA_2,82.2,22.38,38.96,7.62,98.21,1.15,6.23,1.83,3026.95,Bueno
2025-08-22 00:00:00,POZA_5,103.3,11.57,24.48,7.51,100.81,1.225,10.6,1.66,3533.51,Aceptable
2025-08-22 06:00:00,POZA_3,35.4,25.17,12.83,7.26,97.3,1.134,4.13,2.39,2133.28,Aceptable
2025-08-22 12:00:00,POZA_2,178.6,18.64,10.46,8.29,126.56,1.25,3.19,2.11,5824.17,Óptimo
2025-08-22 18:00:00,POZA_2,64.9,22.52,11.18,7.02,105.46,1.161,9.81,1.88,2693.92,Aceptable
2025-08-23 00:00:00,POZA_5,73.2,21.26,36.82,8.33,95.31,1.164,8.76,0.94,2858.81,Aceptable
2025-08-23 06:00:00,POZA_3,72.0,19.07,16.95,8.35,93.8,1.164,10.39,1.69,3027.67,Aceptable
2025-08-23 12:00:00,POZA_3,35.0,22.6,23.36,8.31,96.21,1.121,5.73,1.69,2141.41,Aceptable
2025-08-23 18:00:00,POZA_4,39.7,24.51,28.8,8.09,96.34,1.127,7.65,1.44,2469.51,Aceptable
2025-08-24 00:00:00,POZA_5,52.1,22.02,10.65,7.78,89.99,1.132,8.53,2.36,2539.12,Aceptable
2025-08-24 06:00:00,POZA_3,144.4,8.15,25.64,7.26,108.55,1.199,4.92,1.01,4511.19,Óptimo
2025-08-24 12:00:00,POZA_5,126.7,10.43,25.16,8.28,116.94,1.219,13.69,2.94,3926.28,Aceptable
2025-08-24 18:00:00,POZA_4,123.4,12.7,12.74,8.02,97.81,1.239,12.48,0.98,4037.14,Aceptable
2025-08-25 00:00:00,POZA_2,86.9,23.94,29.43,7.68,90.52,1.153,3.2,1.41,3130.75,Bueno
2025-08-25 06:00:00,POZA_2,62.1,19.07,18.0,8.45,92.46,1.161,14.81,0.55,2288.31,Aceptable
2025-08-25 12:00:00,POZA_1,78.4,22.72,17.07,8.34,100.31,1.155,6.25,1.26,3198.3,Bueno
2025-08-25 18:00:00,POZA_3,137.0,9.62,34.39,7.92,107.97,1.229,8.96,0.6,4443.67,Bueno
2025-08-26 00:00:00,POZA_1,123.6,10.02,22.91,7.61,112.77,1.216,12.95,0.77,3852.7,Aceptable
2025-08-26 06:00:00,POZA_1,137.0,8.73,29.73,8.32,111.3,1.177,12.85,2.46,4262.75,Aceptable
2025-08-26 12:00:00,POZA_5,83.9,23.35,37.24,7.35,93.9,1.164,14.72,1.2,2917.48,Aceptable
2025-08-26 18:00:00,POZA_2,58.9,27.2,22.81,7.83,92.34,1.176,6.05,1.56,2754.92,Aceptable
2025-08-27 00:00:00,POZA_1,176.1,16.18,18.7,7.92,110.0,1.22,3.46,0.87,5481.4,Óptimo
2025-08-27 06:00:00,POZA_2,67.5,18.79,35.76,7.19,89.98,1.134,11.46,2.76,2508.1,Aceptable
2025-08-27 12:00:00,POZA_2,161.0,21.28,16.04,7.43,111.73,1.231,6.81,2.06,5565.82,Bueno
2025-08-27 18:00:00,POZA_4,145.4,11.52,27.98,7.09,108.89,1.21,6.96,1.62,4890.86,Bueno
2025-08-28 00:00:00,POZA_2,84.9,25.24,20.95,8.36,106.52,1.106,14.97,1.73,3078.1,Aceptable
2025-08-28 06:00:00,POZA_5,107.0,16.38,33.66,8.06,106.93,1.201,13.72,0.99,3358.71,Aceptable
2025-08-28 12:00:00,POZA_1,176.3,15.17,29.39,7.82,124.18,1.25,9.03,1.73,5461.94,Bueno
2025-08-28 18:00:00,POZA_1,175.4,10.12,29.35,7.59,127.07,1.25,3.5,0.94,5710.47,Óptimo
2025-08-29 00:00:00,POZA_3,149.1,8.21,18.66,8.41,116.83,1.235,3.99,1.55,5018.12,Óptimo
2025-08-29 06:00:00,POZA_4,110.4,13.41,32.37,7.31,95.67,1.173,11.96,2.62,3297.89,Aceptable
2025-08-29 12:00:00,POZA_2,155.7,9.59,37.24,7.54,125.52,1.23,8.47,1.36,4548.23,Bueno
2025-08-29 18:00:00,POZA_5,143.9,12.77,21.83,8.02,107.05,1.224,11.75,2.88,4441.13,Aceptable
2025-08-30 00:00:00,POZA_5,162.1,8.22,18.09,7.22,111.07,1.211,8.1,1.65,5133.64,Bueno
2025-08-30 06:00:00,POZA_3,176.1,11.5,20.82,8.2,109.68,1.25,13.24,2.51,5310.62,Aceptable
2025-08-30 12:00:00,POZA_1,61.3,27.76,19.8,7.75,93.2,1.134,7.98,0.71,2931.61,Aceptable
2025-08-30 18:00:00,POZA_2,157.3,6.67,17.39,7.01,120.25,1.22,10.35,0.92,4813.92,Aceptable
2025-08-31 00:00:00,POZA_1,118.5,9.62,33.89,7.65,112.02,1.215,11.56,1.18,3287.86,Aceptable
2025-08-31 06:00:00,POZA_3,113.4,11.33,29.41,7.74,95.67,1.211,11.88,2.26,3903.65,Aceptable
2025-08-31 12:00:00,POZA_3,161.0,5.83,32.93,7.87,108.25,1.237,8.13,1.33,4814.28,Bueno
2025-08-31 18:00:00,POZA_5,173.9,17.95,34.76,7.1,120.42,1.234,6.85,2.15,5337.36,Bueno
2025-09-01 00:00:00,POZA_3,159.8,8.99,23.06,7.6,113.05,1.25,12.0,1.77,5057.83,Aceptable
2025-09-01 06:00:00,POZA_5,136.5,10.26,20.04,7.01,108.61,1.216,9.3,1.86,4392.18,Bueno
2025-09-01 12:00:00,POZA_4,169.3,18.5,35.36,7.45,123.74,1.25,13.81,2.94,4960.04,Aceptable
2025-09-01 18:00:00,POZA_3,49.1,24.97,39.72,7.71,96.98,1.169,6.86,0.69,2747.28,Aceptable
2025-09-02 00:00:00,POZA_4,150.4,11.49,28.78,7.61,110.97,1.238,11.4,1.87,4526.1,Aceptable
2025-09-02 06:00:00,POZA_5,132.0,10.67,16.32,8.42,106.05,1.185,14.08,1.54,3901.72,Aceptable
2025-09-02 12:00:00,POZA_3,163.6,12.65,27.82,8.2,115.85,1.21,13.93,2.83,4732.84,Aceptable
2025-09-02 18:00:00,POZA_2,83.6,23.25,37.08,8.44,91.05,1.19,9.3,1.02,3153.91,Bueno
2025-09-03 00:00:00,POZA_4,116.9,8.39,19.13,8.02,114.48,1.207,14.19,2.29,3765.21,Aceptable
2025-09-03 06:00:00,POZA_4,69.8,26.59,24.26,8.42,96.36,1.163,7.59,2.84,3129.94,Bueno
2025-09-03 12:00:00,POZA_2,111.1,16.57,34.98,8.07,100.07,1.195,11.55,1.56,3867.08,Aceptable
2025-09-03 18:00:00,POZA_3,66.8,22.61,37.27,7.32,96.32,1.145,3.17,2.43,2730.36,Aceptable
2025-09-04 00:00:00,POZA_2,135.8,11.94,27.93,7.02,110.63,1.194,14.1,0.76,4054.48,Aceptable
2025-09-04 06:00:00,POZA_4,98.4,19.34,12.05,8.43,97.23,1.186,12.71,2.92,3376.03,Aceptable
2025-09-04 12:00:00,POZA_3,141.7,9.47,21.07,8.25,111.01,1.242,4.13,2.15,4528.52,Óptimo
2025-09-04 18:00:00,POZA_4,142.5,7.86,38.51,7.87,105.38,1.228,6.95,0.74,4453.4,Bueno
2025-09-05 00:00:00,POZA_4,163.2,9.43,21.17,7.68,124.21,1.245,7.37,2.63,4990.83,Bueno
2025-09-05 06:00:00,POZA_1,51.8,27.14,24.46,8.17,93.24,1.143,7.73,2.03,2343.32,Aceptable
2025-09-05 12:00:00,POZA_2,64.3,16.92,27.39,8.32,101.45,1.151,3.18,1.57,2943.15,Aceptable
2025-09-05 18:00:00,POZA_5,113.7,10.26,29.4,7.27,107.38,1.179,11.52,0.62,3823.34,Aceptable
2025-09-06 00:00:00,POZA_5,176.5,12.26,17.82,7.97,123.47,1.25,3.03,2.72,5619.61,Óptimo
2025-09-06 06:00:00,POZA_1,142.3,8.2,38.77,7.75,114.6,1.223,11.67,0.71,4338.6,Aceptable
2025-09-06 12:00:00,POZA_4,31.3,22.13,33.6,7.51,93.4,1.121,5.08,1.35,1991.77,Bajo
2025-09-06 18:00:00,POZA_2,144.5,9.24,35.12,7.1,108.47,1.215,7.47,2.44,4454.12,Bueno
2025-09-07 00:00:00,POZA_4,146.5,6.8,17.68,7.38,105.67,1.225,4.87,2.31,4823.39,Óptimo
2025-09-07 06:00:00,POZA_5,130.0,9.79,13.2,8.22,103.72,1.21,7.12,0.96,4704.87,Bueno
2025-09-07 12:00:00,POZA_1,175.4,14.79,33.9,7.07,121.68,1.206,12.26,0.6,5418.01,Aceptable
2025-09-07 18:00:00,POZA_5,149.9,18.44,12.91,7.2,119.44,1.248,14.75,2.28,4830.37,Aceptable
